[
{
  "model": "auth.user",
  "fields": {
    "password": "pbkdf2_sha256$1000000$aI3kUznGZ15YEl8L1nkmrr$I18FJU1Z3PsEqgLndht2NPEp9GZdy825Ec3ujR3ovws=",
    "last_login": "2025-11-13T07:00:59.284Z",
    "is_superuser": false,
    "username": "admin",
    "first_name": "",
    "last_name": "",
    "email": "admin@gmail.com",
    "is_staff": false,
    "is_active": true,
    "date_joined": "2025-11-05T07:01:07.815Z",
    "groups": [],
    "user_permissions": []
  }
},
{
  "model": "auth.user",
  "fields": {
    "password": "pbkdf2_sha256$1000000$HIzKU5nPCpPGvMvxEi0YmY$G+s7Bfsi5iZeV0r+LdNTykYS4ItLrxxvZNZeP9yCSzA=",
    "last_login": "2025-11-13T06:40:48.009Z",
    "is_superuser": false,
    "username": "Superadmins",
    "first_name": "Super",
    "last_name": "Admin",
    "email": "superadmin@gmail.com",
    "is_staff": false,
    "is_active": true,
    "date_joined": "2025-11-05T16:59:34.643Z",
    "groups": [],
    "user_permissions": []
  }
},
{
  "model": "auth.user",
  "fields": {
    "password": "pbkdf2_sha256$1000000$2DRmU0PKiBjSdoNdd9Beks$siuFDYaIKcSeXDB3FTWniion3ICeF5o1crD5BD+gzDU=",
    "last_login": "2025-11-13T06:56:32.732Z",
    "is_superuser": true,
    "username": "superadmin",
    "first_name": "Super",
    "last_name": "Admin",
    "email": "superadmin@pulseofpeople.com",
    "is_staff": true,
    "is_active": true,
    "date_joined": "2025-11-13T06:15:30.923Z",
    "groups": [],
    "user_permissions": []
  }
},
{
  "model": "auth.user",
  "fields": {
    "password": "pbkdf2_sha256$1000000$BIddSu3BOEP5XbHqy2nivK$gXYE0DfNVDZ21FAKUqRERk7HauCwZBRr1j5vPTw2BWc=",
    "last_login": "2025-11-13T07:01:21.467Z",
    "is_superuser": false,
    "username": "user",
    "first_name": "Regular",
    "last_name": "User",
    "email": "user@pulseofpeople.com",
    "is_staff": false,
    "is_active": true,
    "date_joined": "2025-11-13T06:15:32.343Z",
    "groups": [],
    "user_permissions": []
  }
},
{
  "model": "api.organization",
  "pk": 1,
  "fields": {
    "name": "Pulse of People",
    "slug": "pulse-of-people",
    "subscription_status": "active",
    "subscription_tier": "premium",
    "max_users": 100,
    "settings": {
      "demo": true
    },
    "created_at": "2025-11-13T06:15:30.918Z",
    "updated_at": "2025-11-13T06:15:30.919Z"
  }
},
{
  "model": "api.permission",
  "pk": 1,
  "fields": {
    "name": "view_users",
    "category": "users",
    "description": "View user list and profiles",
    "created_at": "2025-11-06T00:54:05.519Z"
  }
},
{
  "model": "api.permission",
  "pk": 2,
  "fields": {
    "name": "create_users",
    "category": "users",
    "description": "Create new users",
    "created_at": "2025-11-06T00:54:05.521Z"
  }
},
{
  "model": "api.permission",
  "pk": 3,
  "fields": {
    "name": "edit_users",
    "category": "users",
    "description": "Edit user information",
    "created_at": "2025-11-06T00:54:05.523Z"
  }
},
{
  "model": "api.permission",
  "pk": 4,
  "fields": {
    "name": "delete_users",
    "category": "users",
    "description": "Delete users",
    "created_at": "2025-11-06T00:54:05.524Z"
  }
},
{
  "model": "api.permission",
  "pk": 5,
  "fields": {
    "name": "manage_roles",
    "category": "users",
    "description": "Change user roles and permissions",
    "created_at": "2025-11-06T00:54:05.526Z"
  }
},
{
  "model": "api.permission",
  "pk": 6,
  "fields": {
    "name": "view_dashboard",
    "category": "data",
    "description": "View main dashboard",
    "created_at": "2025-11-06T00:54:05.528Z"
  }
},
{
  "model": "api.permission",
  "pk": 7,
  "fields": {
    "name": "view_analytics",
    "category": "data",
    "description": "View analytics and reports",
    "created_at": "2025-11-06T00:54:05.529Z"
  }
},
{
  "model": "api.permission",
  "pk": 8,
  "fields": {
    "name": "view_reports",
    "category": "data",
    "description": "View detailed reports",
    "created_at": "2025-11-06T00:54:05.531Z"
  }
},
{
  "model": "api.permission",
  "pk": 9,
  "fields": {
    "name": "export_data",
    "category": "data",
    "description": "Export data to CSV/PDF",
    "created_at": "2025-11-06T00:54:05.532Z"
  }
},
{
  "model": "api.permission",
  "pk": 10,
  "fields": {
    "name": "import_data",
    "category": "data",
    "description": "Import data from files",
    "created_at": "2025-11-06T00:54:05.534Z"
  }
},
{
  "model": "api.permission",
  "pk": 11,
  "fields": {
    "name": "create_tasks",
    "category": "data",
    "description": "Create new tasks",
    "created_at": "2025-11-06T00:54:05.535Z"
  }
},
{
  "model": "api.permission",
  "pk": 12,
  "fields": {
    "name": "manage_tasks",
    "category": "data",
    "description": "Manage all tasks",
    "created_at": "2025-11-06T00:54:05.536Z"
  }
},
{
  "model": "api.permission",
  "pk": 13,
  "fields": {
    "name": "view_basic_analytics",
    "category": "analytics",
    "description": "View basic analytics",
    "created_at": "2025-11-06T00:54:05.538Z"
  }
},
{
  "model": "api.permission",
  "pk": 14,
  "fields": {
    "name": "view_advanced_analytics",
    "category": "analytics",
    "description": "View advanced analytics",
    "created_at": "2025-11-06T00:54:05.539Z"
  }
},
{
  "model": "api.permission",
  "pk": 15,
  "fields": {
    "name": "generate_reports",
    "category": "analytics",
    "description": "Generate custom reports",
    "created_at": "2025-11-06T00:54:05.540Z"
  }
},
{
  "model": "api.permission",
  "pk": 16,
  "fields": {
    "name": "view_settings",
    "category": "settings",
    "description": "View application settings",
    "created_at": "2025-11-06T00:54:05.542Z"
  }
},
{
  "model": "api.permission",
  "pk": 17,
  "fields": {
    "name": "edit_settings",
    "category": "settings",
    "description": "Edit application settings",
    "created_at": "2025-11-06T00:54:05.543Z"
  }
},
{
  "model": "api.permission",
  "pk": 18,
  "fields": {
    "name": "manage_billing",
    "category": "settings",
    "description": "Manage billing and subscriptions",
    "created_at": "2025-11-06T00:54:05.544Z"
  }
},
{
  "model": "api.permission",
  "pk": 19,
  "fields": {
    "name": "manage_organizations",
    "category": "system",
    "description": "Manage organizations",
    "created_at": "2025-11-06T00:54:05.546Z"
  }
},
{
  "model": "api.permission",
  "pk": 20,
  "fields": {
    "name": "view_all_data",
    "category": "system",
    "description": "View all organization data",
    "created_at": "2025-11-06T00:54:05.547Z"
  }
},
{
  "model": "api.permission",
  "pk": 21,
  "fields": {
    "name": "manage_system_settings",
    "category": "system",
    "description": "Manage system-wide settings",
    "created_at": "2025-11-06T00:54:05.548Z"
  }
},
{
  "model": "api.permission",
  "pk": 22,
  "fields": {
    "name": "view_audit_logs",
    "category": "system",
    "description": "View audit logs",
    "created_at": "2025-11-06T00:54:05.550Z"
  }
},
{
  "model": "api.userprofile",
  "pk": 1,
  "fields": {
    "user": [
      "admin"
    ],
    "role": "admin",
    "organization": 1,
    "bio": null,
    "avatar": "",
    "avatar_url": null,
    "phone": null,
    "date_of_birth": null,
    "created_at": "2025-11-05T07:01:08.473Z",
    "updated_at": "2025-11-13T06:21:04.174Z"
  }
},
{
  "model": "api.userprofile",
  "pk": 2,
  "fields": {
    "user": [
      "Superadmins"
    ],
    "role": "superadmin",
    "organization": null,
    "bio": null,
    "avatar": "",
    "avatar_url": null,
    "phone": null,
    "date_of_birth": null,
    "created_at": "2025-11-05T16:59:35.542Z",
    "updated_at": "2025-11-05T16:59:35.542Z"
  }
},
{
  "model": "api.userprofile",
  "pk": 3,
  "fields": {
    "user": [
      "superadmin"
    ],
    "role": "superadmin",
    "organization": 1,
    "bio": "System Administrator with full access",
    "avatar": "",
    "avatar_url": null,
    "phone": null,
    "date_of_birth": null,
    "created_at": "2025-11-13T06:15:31.642Z",
    "updated_at": "2025-11-13T06:15:31.642Z"
  }
},
{
  "model": "api.userprofile",
  "pk": 4,
  "fields": {
    "user": [
      "user"
    ],
    "role": "user",
    "organization": 1,
    "bio": "Regular user with limited access",
    "avatar": "",
    "avatar_url": null,
    "phone": null,
    "date_of_birth": null,
    "created_at": "2025-11-13T06:15:33.042Z",
    "updated_at": "2025-11-13T06:21:04.882Z"
  }
},
{
  "model": "api.rolepermission",
  "pk": 1,
  "fields": {
    "role": "admin",
    "permission": 1
  }
},
{
  "model": "api.rolepermission",
  "pk": 2,
  "fields": {
    "role": "admin",
    "permission": 2
  }
},
{
  "model": "api.rolepermission",
  "pk": 3,
  "fields": {
    "role": "admin",
    "permission": 3
  }
},
{
  "model": "api.rolepermission",
  "pk": 4,
  "fields": {
    "role": "admin",
    "permission": 4
  }
},
{
  "model": "api.rolepermission",
  "pk": 5,
  "fields": {
    "role": "admin",
    "permission": 5
  }
},
{
  "model": "api.rolepermission",
  "pk": 6,
  "fields": {
    "role": "admin",
    "permission": 6
  }
},
{
  "model": "api.rolepermission",
  "pk": 7,
  "fields": {
    "role": "admin",
    "permission": 7
  }
},
{
  "model": "api.rolepermission",
  "pk": 8,
  "fields": {
    "role": "admin",
    "permission": 8
  }
},
{
  "model": "api.rolepermission",
  "pk": 9,
  "fields": {
    "role": "admin",
    "permission": 9
  }
},
{
  "model": "api.rolepermission",
  "pk": 10,
  "fields": {
    "role": "admin",
    "permission": 10
  }
},
{
  "model": "api.rolepermission",
  "pk": 11,
  "fields": {
    "role": "admin",
    "permission": 11
  }
},
{
  "model": "api.rolepermission",
  "pk": 12,
  "fields": {
    "role": "admin",
    "permission": 12
  }
},
{
  "model": "api.rolepermission",
  "pk": 13,
  "fields": {
    "role": "admin",
    "permission": 13
  }
},
{
  "model": "api.rolepermission",
  "pk": 14,
  "fields": {
    "role": "admin",
    "permission": 14
  }
},
{
  "model": "api.rolepermission",
  "pk": 15,
  "fields": {
    "role": "admin",
    "permission": 15
  }
},
{
  "model": "api.rolepermission",
  "pk": 16,
  "fields": {
    "role": "admin",
    "permission": 16
  }
},
{
  "model": "api.rolepermission",
  "pk": 17,
  "fields": {
    "role": "admin",
    "permission": 17
  }
},
{
  "model": "api.rolepermission",
  "pk": 18,
  "fields": {
    "role": "admin",
    "permission": 18
  }
},
{
  "model": "api.rolepermission",
  "pk": 19,
  "fields": {
    "role": "admin",
    "permission": 22
  }
},
{
  "model": "api.rolepermission",
  "pk": 20,
  "fields": {
    "role": "manager",
    "permission": 1
  }
},
{
  "model": "api.rolepermission",
  "pk": 21,
  "fields": {
    "role": "manager",
    "permission": 2
  }
},
{
  "model": "api.rolepermission",
  "pk": 22,
  "fields": {
    "role": "manager",
    "permission": 3
  }
},
{
  "model": "api.rolepermission",
  "pk": 23,
  "fields": {
    "role": "manager",
    "permission": 6
  }
},
{
  "model": "api.rolepermission",
  "pk": 24,
  "fields": {
    "role": "manager",
    "permission": 7
  }
},
{
  "model": "api.rolepermission",
  "pk": 25,
  "fields": {
    "role": "manager",
    "permission": 8
  }
},
{
  "model": "api.rolepermission",
  "pk": 26,
  "fields": {
    "role": "manager",
    "permission": 9
  }
},
{
  "model": "api.rolepermission",
  "pk": 27,
  "fields": {
    "role": "manager",
    "permission": 11
  }
},
{
  "model": "api.rolepermission",
  "pk": 28,
  "fields": {
    "role": "manager",
    "permission": 12
  }
},
{
  "model": "api.rolepermission",
  "pk": 29,
  "fields": {
    "role": "manager",
    "permission": 13
  }
},
{
  "model": "api.rolepermission",
  "pk": 30,
  "fields": {
    "role": "manager",
    "permission": 14
  }
},
{
  "model": "api.rolepermission",
  "pk": 31,
  "fields": {
    "role": "manager",
    "permission": 15
  }
},
{
  "model": "api.rolepermission",
  "pk": 32,
  "fields": {
    "role": "manager",
    "permission": 16
  }
},
{
  "model": "api.rolepermission",
  "pk": 33,
  "fields": {
    "role": "analyst",
    "permission": 1
  }
},
{
  "model": "api.rolepermission",
  "pk": 34,
  "fields": {
    "role": "analyst",
    "permission": 6
  }
},
{
  "model": "api.rolepermission",
  "pk": 35,
  "fields": {
    "role": "analyst",
    "permission": 7
  }
},
{
  "model": "api.rolepermission",
  "pk": 36,
  "fields": {
    "role": "analyst",
    "permission": 8
  }
},
{
  "model": "api.rolepermission",
  "pk": 37,
  "fields": {
    "role": "analyst",
    "permission": 9
  }
},
{
  "model": "api.rolepermission",
  "pk": 38,
  "fields": {
    "role": "analyst",
    "permission": 11
  }
},
{
  "model": "api.rolepermission",
  "pk": 39,
  "fields": {
    "role": "analyst",
    "permission": 13
  }
},
{
  "model": "api.rolepermission",
  "pk": 40,
  "fields": {
    "role": "analyst",
    "permission": 14
  }
},
{
  "model": "api.rolepermission",
  "pk": 41,
  "fields": {
    "role": "analyst",
    "permission": 15
  }
},
{
  "model": "api.rolepermission",
  "pk": 42,
  "fields": {
    "role": "analyst",
    "permission": 16
  }
},
{
  "model": "api.rolepermission",
  "pk": 43,
  "fields": {
    "role": "user",
    "permission": 6
  }
},
{
  "model": "api.rolepermission",
  "pk": 44,
  "fields": {
    "role": "user",
    "permission": 11
  }
},
{
  "model": "api.rolepermission",
  "pk": 45,
  "fields": {
    "role": "user",
    "permission": 13
  }
},
{
  "model": "api.rolepermission",
  "pk": 46,
  "fields": {
    "role": "user",
    "permission": 16
  }
},
{
  "model": "api.rolepermission",
  "pk": 47,
  "fields": {
    "role": "viewer",
    "permission": 6
  }
},
{
  "model": "api.rolepermission",
  "pk": 48,
  "fields": {
    "role": "viewer",
    "permission": 7
  }
},
{
  "model": "api.rolepermission",
  "pk": 49,
  "fields": {
    "role": "viewer",
    "permission": 13
  }
},
{
  "model": "api.rolepermission",
  "pk": 50,
  "fields": {
    "role": "volunteer",
    "permission": 6
  }
},
{
  "model": "api.rolepermission",
  "pk": 51,
  "fields": {
    "role": "volunteer",
    "permission": 11
  }
},
{
  "model": "api.notification",
  "pk": 1,
  "fields": {
    "user": [
      "admin"
    ],
    "title": "🎉 Phase 2 Complete!",
    "message": "Real-time notifications are now working! Click the bell icon to see this message.",
    "notification_type": "success",
    "is_read": true,
    "read_at": "2025-11-06T01:57:11.826Z",
    "related_model": "",
    "related_id": "",
    "metadata": {},
    "supabase_id": null,
    "synced_to_supabase": false,
    "created_at": "2025-11-06T01:23:47.288Z",
    "updated_at": "2025-11-06T01:23:47.289Z"
  }
},
{
  "model": "api.notification",
  "pk": 2,
  "fields": {
    "user": [
      "admin"
    ],
    "title": "New Task Assigned",
    "message": "You have been assigned to implement file upload feature.",
    "notification_type": "task",
    "is_read": true,
    "read_at": "2025-11-06T01:57:11.826Z",
    "related_model": "",
    "related_id": "",
    "metadata": {},
    "supabase_id": null,
    "synced_to_supabase": false,
    "created_at": "2025-11-06T01:23:47.291Z",
    "updated_at": "2025-11-06T01:23:47.291Z"
  }
},
{
  "model": "api.notification",
  "pk": 3,
  "fields": {
    "user": [
      "admin"
    ],
    "title": "System Update",
    "message": "The notification system has been successfully integrated.",
    "notification_type": "system",
    "is_read": true,
    "read_at": "2025-11-06T01:57:11.826Z",
    "related_model": "",
    "related_id": "",
    "metadata": {},
    "supabase_id": null,
    "synced_to_supabase": false,
    "created_at": "2025-11-06T01:23:47.293Z",
    "updated_at": "2025-11-06T01:23:47.293Z"
  }
},
{
  "model": "api.constituency",
  "pk": 1,
  "fields": {
    "organization": 1,
    "name": "Mumbai North",
    "code": "MH-01",
    "type": "parliamentary",
    "state": "Maharashtra",
    "district": "Mumbai",
    "boundaries": {},
    "population": 2000000,
    "voter_count": 1500000,
    "total_booths": 1200,
    "area_sq_km": null,
    "reserved_category": "general",
    "last_election_year": null,
    "current_representative": "",
    "current_party": "",
    "metadata": {},
    "created_at": "2025-11-13T06:15:33.045Z",
    "updated_at": "2025-11-13T06:15:33.045Z"
  }
},
{
  "model": "api.constituency",
  "pk": 2,
  "fields": {
    "organization": 1,
    "name": "Delhi Central",
    "code": "DL-01",
    "type": "assembly",
    "state": "Delhi",
    "district": "Central Delhi",
    "boundaries": {},
    "population": 1000000,
    "voter_count": 800000,
    "total_booths": 600,
    "area_sq_km": null,
    "reserved_category": "general",
    "last_election_year": null,
    "current_representative": "",
    "current_party": "",
    "metadata": {},
    "created_at": "2025-11-13T06:15:33.049Z",
    "updated_at": "2025-11-13T06:15:33.049Z"
  }
},
{
  "model": "api.constituency",
  "pk": 3,
  "fields": {
    "organization": 1,
    "name": "Bangalore South",
    "code": "KA-01",
    "type": "parliamentary",
    "state": "Karnataka",
    "district": "Bangalore",
    "boundaries": {},
    "population": 1500000,
    "voter_count": 1200000,
    "total_booths": 900,
    "area_sq_km": null,
    "reserved_category": "general",
    "last_election_year": null,
    "current_representative": "",
    "current_party": "",
    "metadata": {},
    "created_at": "2025-11-13T06:15:33.051Z",
    "updated_at": "2025-11-13T06:15:33.051Z"
  }
},
{
  "model": "api.pollingbooth",
  "pk": 1,
  "fields": {
    "constituency": 1,
    "organization": 1,
    "name": "Mumbai North - Booth 1",
    "code": "MH-01-B001",
    "booth_number": "B001",
    "location": "Location 1",
    "address": "Address 1, Mumbai",
    "total_voters": 1100,
    "status": "active",
    "supervisor_id": null,
    "last_updated_by": null,
    "metadata": {},
    "created_at": "2025-11-13T06:15:33.054Z",
    "updated_at": "2025-11-13T06:15:33.054Z"
  }
},
{
  "model": "api.pollingbooth",
  "pk": 2,
  "fields": {
    "constituency": 1,
    "organization": 1,
    "name": "Mumbai North - Booth 2",
    "code": "MH-01-B002",
    "booth_number": "B002",
    "location": "Location 2",
    "address": "Address 2, Mumbai",
    "total_voters": 1200,
    "status": "active",
    "supervisor_id": null,
    "last_updated_by": null,
    "metadata": {},
    "created_at": "2025-11-13T06:15:33.057Z",
    "updated_at": "2025-11-13T06:15:33.057Z"
  }
},
{
  "model": "api.pollingbooth",
  "pk": 3,
  "fields": {
    "constituency": 1,
    "organization": 1,
    "name": "Mumbai North - Booth 3",
    "code": "MH-01-B003",
    "booth_number": "B003",
    "location": "Location 3",
    "address": "Address 3, Mumbai",
    "total_voters": 1300,
    "status": "active",
    "supervisor_id": null,
    "last_updated_by": null,
    "metadata": {},
    "created_at": "2025-11-13T06:15:33.059Z",
    "updated_at": "2025-11-13T06:15:33.059Z"
  }
},
{
  "model": "api.pollingbooth",
  "pk": 4,
  "fields": {
    "constituency": 1,
    "organization": 1,
    "name": "Mumbai North - Booth 4",
    "code": "MH-01-B004",
    "booth_number": "B004",
    "location": "Location 4",
    "address": "Address 4, Mumbai",
    "total_voters": 1400,
    "status": "active",
    "supervisor_id": null,
    "last_updated_by": null,
    "metadata": {},
    "created_at": "2025-11-13T06:15:33.061Z",
    "updated_at": "2025-11-13T06:15:33.061Z"
  }
},
{
  "model": "api.pollingbooth",
  "pk": 5,
  "fields": {
    "constituency": 1,
    "organization": 1,
    "name": "Mumbai North - Booth 5",
    "code": "MH-01-B005",
    "booth_number": "B005",
    "location": "Location 5",
    "address": "Address 5, Mumbai",
    "total_voters": 1500,
    "status": "active",
    "supervisor_id": null,
    "last_updated_by": null,
    "metadata": {},
    "created_at": "2025-11-13T06:15:33.063Z",
    "updated_at": "2025-11-13T06:15:33.063Z"
  }
},
{
  "model": "api.pollingbooth",
  "pk": 6,
  "fields": {
    "constituency": 2,
    "organization": 1,
    "name": "Delhi Central - Booth 1",
    "code": "DL-01-B001",
    "booth_number": "B001",
    "location": "Location 1",
    "address": "Address 1, Central Delhi",
    "total_voters": 1100,
    "status": "active",
    "supervisor_id": null,
    "last_updated_by": null,
    "metadata": {},
    "created_at": "2025-11-13T06:15:33.065Z",
    "updated_at": "2025-11-13T06:15:33.065Z"
  }
},
{
  "model": "api.pollingbooth",
  "pk": 7,
  "fields": {
    "constituency": 2,
    "organization": 1,
    "name": "Delhi Central - Booth 2",
    "code": "DL-01-B002",
    "booth_number": "B002",
    "location": "Location 2",
    "address": "Address 2, Central Delhi",
    "total_voters": 1200,
    "status": "active",
    "supervisor_id": null,
    "last_updated_by": null,
    "metadata": {},
    "created_at": "2025-11-13T06:15:33.067Z",
    "updated_at": "2025-11-13T06:15:33.067Z"
  }
},
{
  "model": "api.pollingbooth",
  "pk": 8,
  "fields": {
    "constituency": 2,
    "organization": 1,
    "name": "Delhi Central - Booth 3",
    "code": "DL-01-B003",
    "booth_number": "B003",
    "location": "Location 3",
    "address": "Address 3, Central Delhi",
    "total_voters": 1300,
    "status": "active",
    "supervisor_id": null,
    "last_updated_by": null,
    "metadata": {},
    "created_at": "2025-11-13T06:15:33.069Z",
    "updated_at": "2025-11-13T06:15:33.069Z"
  }
},
{
  "model": "api.pollingbooth",
  "pk": 9,
  "fields": {
    "constituency": 2,
    "organization": 1,
    "name": "Delhi Central - Booth 4",
    "code": "DL-01-B004",
    "booth_number": "B004",
    "location": "Location 4",
    "address": "Address 4, Central Delhi",
    "total_voters": 1400,
    "status": "active",
    "supervisor_id": null,
    "last_updated_by": null,
    "metadata": {},
    "created_at": "2025-11-13T06:15:33.070Z",
    "updated_at": "2025-11-13T06:15:33.070Z"
  }
},
{
  "model": "api.pollingbooth",
  "pk": 10,
  "fields": {
    "constituency": 2,
    "organization": 1,
    "name": "Delhi Central - Booth 5",
    "code": "DL-01-B005",
    "booth_number": "B005",
    "location": "Location 5",
    "address": "Address 5, Central Delhi",
    "total_voters": 1500,
    "status": "active",
    "supervisor_id": null,
    "last_updated_by": null,
    "metadata": {},
    "created_at": "2025-11-13T06:15:33.072Z",
    "updated_at": "2025-11-13T06:15:33.072Z"
  }
},
{
  "model": "api.pollingbooth",
  "pk": 11,
  "fields": {
    "constituency": 3,
    "organization": 1,
    "name": "Bangalore South - Booth 1",
    "code": "KA-01-B001",
    "booth_number": "B001",
    "location": "Location 1",
    "address": "Address 1, Bangalore",
    "total_voters": 1100,
    "status": "active",
    "supervisor_id": null,
    "last_updated_by": null,
    "metadata": {},
    "created_at": "2025-11-13T06:15:33.074Z",
    "updated_at": "2025-11-13T06:15:33.074Z"
  }
},
{
  "model": "api.pollingbooth",
  "pk": 12,
  "fields": {
    "constituency": 3,
    "organization": 1,
    "name": "Bangalore South - Booth 2",
    "code": "KA-01-B002",
    "booth_number": "B002",
    "location": "Location 2",
    "address": "Address 2, Bangalore",
    "total_voters": 1200,
    "status": "active",
    "supervisor_id": null,
    "last_updated_by": null,
    "metadata": {},
    "created_at": "2025-11-13T06:15:33.076Z",
    "updated_at": "2025-11-13T06:15:33.076Z"
  }
},
{
  "model": "api.pollingbooth",
  "pk": 13,
  "fields": {
    "constituency": 3,
    "organization": 1,
    "name": "Bangalore South - Booth 3",
    "code": "KA-01-B003",
    "booth_number": "B003",
    "location": "Location 3",
    "address": "Address 3, Bangalore",
    "total_voters": 1300,
    "status": "active",
    "supervisor_id": null,
    "last_updated_by": null,
    "metadata": {},
    "created_at": "2025-11-13T06:15:33.078Z",
    "updated_at": "2025-11-13T06:15:33.078Z"
  }
},
{
  "model": "api.pollingbooth",
  "pk": 14,
  "fields": {
    "constituency": 3,
    "organization": 1,
    "name": "Bangalore South - Booth 4",
    "code": "KA-01-B004",
    "booth_number": "B004",
    "location": "Location 4",
    "address": "Address 4, Bangalore",
    "total_voters": 1400,
    "status": "active",
    "supervisor_id": null,
    "last_updated_by": null,
    "metadata": {},
    "created_at": "2025-11-13T06:15:33.079Z",
    "updated_at": "2025-11-13T06:15:33.079Z"
  }
},
{
  "model": "api.pollingbooth",
  "pk": 15,
  "fields": {
    "constituency": 3,
    "organization": 1,
    "name": "Bangalore South - Booth 5",
    "code": "KA-01-B005",
    "booth_number": "B005",
    "location": "Location 5",
    "address": "Address 5, Bangalore",
    "total_voters": 1500,
    "status": "active",
    "supervisor_id": null,
    "last_updated_by": null,
    "metadata": {},
    "created_at": "2025-11-13T06:15:33.081Z",
    "updated_at": "2025-11-13T06:15:33.081Z"
  }
},
{
  "model": "api.voter",
  "pk": 1,
  "fields": {
    "polling_booth": 1,
    "organization": 1,
    "full_name": "Voter 1 B001",
    "voter_id_number": "MH-01-B001-V0001",
    "epic_number": "",
    "phone": "+91 9876500001",
    "address": "",
    "age": 27,
    "gender": "female",
    "caste_category": "",
    "religion": "",
    "occupation": "",
    "education": "",
    "family_size": null,
    "voter_category": "swing_voter",
    "sentiment": "neutral",
    "sentiment_score": "-0.40",
    "sentiment_last_updated": null,
    "influencer_score": 10,
    "first_time_voter": false,
    "verified": false,
    "verified_by": null,
    "verified_at": null,
    "consent_given": false,
    "contacted_by_party": false,
    "last_contact_date": null,
    "contact_method": "",
    "notes": "",
    "tags": [],
    "metadata": {},
    "created_at": "2025-11-13T06:15:33.086Z",
    "updated_at": "2025-11-13T06:15:33.086Z"
  }
},
{
  "model": "api.voter",
  "pk": 2,
  "fields": {
    "polling_booth": 1,
    "organization": 1,
    "full_name": "Voter 2 B001",
    "voter_id_number": "MH-01-B001-V0002",
    "epic_number": "",
    "phone": "+91 9876500002",
    "address": "",
    "age": 29,
    "gender": "male",
    "caste_category": "",
    "religion": "",
    "occupation": "",
    "education": "",
    "family_size": null,
    "voter_category": "undecided",
    "sentiment": "negative",
    "sentiment_score": "-0.30",
    "sentiment_last_updated": null,
    "influencer_score": 20,
    "first_time_voter": false,
    "verified": false,
    "verified_by": null,
    "verified_at": null,
    "consent_given": false,
    "contacted_by_party": false,
    "last_contact_date": null,
    "contact_method": "",
    "notes": "",
    "tags": [],
    "metadata": {},
    "created_at": "2025-11-13T06:15:33.090Z",
    "updated_at": "2025-11-13T06:15:33.090Z"
  }
},
{
  "model": "api.voter",
  "pk": 3,
  "fields": {
    "polling_booth": 1,
    "organization": 1,
    "full_name": "Voter 3 B001",
    "voter_id_number": "MH-01-B001-V0003",
    "epic_number": "",
    "phone": "+91 9876500003",
    "address": "",
    "age": 31,
    "gender": "female",
    "caste_category": "",
    "religion": "",
    "occupation": "",
    "education": "",
    "family_size": null,
    "voter_category": "core_supporter",
    "sentiment": "strongly_positive",
    "sentiment_score": "-0.20",
    "sentiment_last_updated": null,
    "influencer_score": 30,
    "first_time_voter": false,
    "verified": true,
    "verified_by": null,
    "verified_at": null,
    "consent_given": false,
    "contacted_by_party": false,
    "last_contact_date": null,
    "contact_method": "",
    "notes": "",
    "tags": [],
    "metadata": {},
    "created_at": "2025-11-13T06:15:33.092Z",
    "updated_at": "2025-11-13T06:15:33.092Z"
  }
},
{
  "model": "api.voter",
  "pk": 4,
  "fields": {
    "polling_booth": 1,
    "organization": 1,
    "full_name": "Voter 4 B001",
    "voter_id_number": "MH-01-B001-V0004",
    "epic_number": "",
    "phone": "+91 9876500004",
    "address": "",
    "age": 33,
    "gender": "male",
    "caste_category": "",
    "religion": "",
    "occupation": "",
    "education": "",
    "family_size": null,
    "voter_category": "swing_voter",
    "sentiment": "positive",
    "sentiment_score": "-0.10",
    "sentiment_last_updated": null,
    "influencer_score": 40,
    "first_time_voter": false,
    "verified": false,
    "verified_by": null,
    "verified_at": null,
    "consent_given": false,
    "contacted_by_party": false,
    "last_contact_date": null,
    "contact_method": "",
    "notes": "",
    "tags": [],
    "metadata": {},
    "created_at": "2025-11-13T06:15:33.094Z",
    "updated_at": "2025-11-13T06:15:33.094Z"
  }
},
{
  "model": "api.voter",
  "pk": 5,
  "fields": {
    "polling_booth": 1,
    "organization": 1,
    "full_name": "Voter 5 B001",
    "voter_id_number": "MH-01-B001-V0005",
    "epic_number": "",
    "phone": "+91 9876500005",
    "address": "",
    "age": 35,
    "gender": "female",
    "caste_category": "",
    "religion": "",
    "occupation": "",
    "education": "",
    "family_size": null,
    "voter_category": "undecided",
    "sentiment": "neutral",
    "sentiment_score": "0.00",
    "sentiment_last_updated": null,
    "influencer_score": 50,
    "first_time_voter": true,
    "verified": false,
    "verified_by": null,
    "verified_at": null,
    "consent_given": false,
    "contacted_by_party": false,
    "last_contact_date": null,
    "contact_method": "",
    "notes": "",
    "tags": [],
    "metadata": {},
    "created_at": "2025-11-13T06:15:33.096Z",
    "updated_at": "2025-11-13T06:15:33.096Z"
  }
},
{
  "model": "api.voter",
  "pk": 6,
  "fields": {
    "polling_booth": 1,
    "organization": 1,
    "full_name": "Voter 6 B001",
    "voter_id_number": "MH-01-B001-V0006",
    "epic_number": "",
    "phone": "+91 9876500006",
    "address": "",
    "age": 37,
    "gender": "male",
    "caste_category": "",
    "religion": "",
    "occupation": "",
    "education": "",
    "family_size": null,
    "voter_category": "core_supporter",
    "sentiment": "negative",
    "sentiment_score": "0.10",
    "sentiment_last_updated": null,
    "influencer_score": 60,
    "first_time_voter": false,
    "verified": true,
    "verified_by": null,
    "verified_at": null,
    "consent_given": false,
    "contacted_by_party": false,
    "last_contact_date": null,
    "contact_method": "",
    "notes": "",
    "tags": [],
    "metadata": {},
    "created_at": "2025-11-13T06:15:33.098Z",
    "updated_at": "2025-11-13T06:15:33.098Z"
  }
},
{
  "model": "api.voter",
  "pk": 7,
  "fields": {
    "polling_booth": 1,
    "organization": 1,
    "full_name": "Voter 7 B001",
    "voter_id_number": "MH-01-B001-V0007",
    "epic_number": "",
    "phone": "+91 9876500007",
    "address": "",
    "age": 39,
    "gender": "female",
    "caste_category": "",
    "religion": "",
    "occupation": "",
    "education": "",
    "family_size": null,
    "voter_category": "swing_voter",
    "sentiment": "strongly_positive",
    "sentiment_score": "0.20",
    "sentiment_last_updated": null,
    "influencer_score": 70,
    "first_time_voter": false,
    "verified": false,
    "verified_by": null,
    "verified_at": null,
    "consent_given": false,
    "contacted_by_party": false,
    "last_contact_date": null,
    "contact_method": "",
    "notes": "",
    "tags": [],
    "metadata": {},
    "created_at": "2025-11-13T06:15:33.100Z",
    "updated_at": "2025-11-13T06:15:33.100Z"
  }
},
{
  "model": "api.voter",
  "pk": 8,
  "fields": {
    "polling_booth": 1,
    "organization": 1,
    "full_name": "Voter 8 B001",
    "voter_id_number": "MH-01-B001-V0008",
    "epic_number": "",
    "phone": "+91 9876500008",
    "address": "",
    "age": 41,
    "gender": "male",
    "caste_category": "",
    "religion": "",
    "occupation": "",
    "education": "",
    "family_size": null,
    "voter_category": "undecided",
    "sentiment": "positive",
    "sentiment_score": "0.30",
    "sentiment_last_updated": null,
    "influencer_score": 80,
    "first_time_voter": false,
    "verified": false,
    "verified_by": null,
    "verified_at": null,
    "consent_given": false,
    "contacted_by_party": false,
    "last_contact_date": null,
    "contact_method": "",
    "notes": "",
    "tags": [],
    "metadata": {},
    "created_at": "2025-11-13T06:15:33.102Z",
    "updated_at": "2025-11-13T06:15:33.102Z"
  }
},
{
  "model": "api.voter",
  "pk": 9,
  "fields": {
    "polling_booth": 1,
    "organization": 1,
    "full_name": "Voter 9 B001",
    "voter_id_number": "MH-01-B001-V0009",
    "epic_number": "",
    "phone": "+91 9876500009",
    "address": "",
    "age": 43,
    "gender": "female",
    "caste_category": "",
    "religion": "",
    "occupation": "",
    "education": "",
    "family_size": null,
    "voter_category": "core_supporter",
    "sentiment": "neutral",
    "sentiment_score": "0.40",
    "sentiment_last_updated": null,
    "influencer_score": 90,
    "first_time_voter": false,
    "verified": true,
    "verified_by": null,
    "verified_at": null,
    "consent_given": false,
    "contacted_by_party": false,
    "last_contact_date": null,
    "contact_method": "",
    "notes": "",
    "tags": [],
    "metadata": {},
    "created_at": "2025-11-13T06:15:33.104Z",
    "updated_at": "2025-11-13T06:15:33.104Z"
  }
},
{
  "model": "api.voter",
  "pk": 10,
  "fields": {
    "polling_booth": 1,
    "organization": 1,
    "full_name": "Voter 10 B001",
    "voter_id_number": "MH-01-B001-V0010",
    "epic_number": "",
    "phone": "+91 9876500010",
    "address": "",
    "age": 45,
    "gender": "male",
    "caste_category": "",
    "religion": "",
    "occupation": "",
    "education": "",
    "family_size": null,
    "voter_category": "swing_voter",
    "sentiment": "negative",
    "sentiment_score": "-0.50",
    "sentiment_last_updated": null,
    "influencer_score": 100,
    "first_time_voter": true,
    "verified": false,
    "verified_by": null,
    "verified_at": null,
    "consent_given": false,
    "contacted_by_party": false,
    "last_contact_date": null,
    "contact_method": "",
    "notes": "",
    "tags": [],
    "metadata": {},
    "created_at": "2025-11-13T06:15:33.107Z",
    "updated_at": "2025-11-13T06:15:33.107Z"
  }
},
{
  "model": "api.voter",
  "pk": 11,
  "fields": {
    "polling_booth": 2,
    "organization": 1,
    "full_name": "Voter 1 B002",
    "voter_id_number": "MH-01-B002-V0001",
    "epic_number": "",
    "phone": "+91 9876500001",
    "address": "",
    "age": 27,
    "gender": "female",
    "caste_category": "",
    "religion": "",
    "occupation": "",
    "education": "",
    "family_size": null,
    "voter_category": "swing_voter",
    "sentiment": "neutral",
    "sentiment_score": "-0.40",
    "sentiment_last_updated": null,
    "influencer_score": 10,
    "first_time_voter": false,
    "verified": false,
    "verified_by": null,
    "verified_at": null,
    "consent_given": false,
    "contacted_by_party": false,
    "last_contact_date": null,
    "contact_method": "",
    "notes": "",
    "tags": [],
    "metadata": {},
    "created_at": "2025-11-13T06:15:33.109Z",
    "updated_at": "2025-11-13T06:15:33.109Z"
  }
},
{
  "model": "api.voter",
  "pk": 12,
  "fields": {
    "polling_booth": 2,
    "organization": 1,
    "full_name": "Voter 2 B002",
    "voter_id_number": "MH-01-B002-V0002",
    "epic_number": "",
    "phone": "+91 9876500002",
    "address": "",
    "age": 29,
    "gender": "male",
    "caste_category": "",
    "religion": "",
    "occupation": "",
    "education": "",
    "family_size": null,
    "voter_category": "undecided",
    "sentiment": "negative",
    "sentiment_score": "-0.30",
    "sentiment_last_updated": null,
    "influencer_score": 20,
    "first_time_voter": false,
    "verified": false,
    "verified_by": null,
    "verified_at": null,
    "consent_given": false,
    "contacted_by_party": false,
    "last_contact_date": null,
    "contact_method": "",
    "notes": "",
    "tags": [],
    "metadata": {},
    "created_at": "2025-11-13T06:15:33.111Z",
    "updated_at": "2025-11-13T06:15:33.111Z"
  }
},
{
  "model": "api.voter",
  "pk": 13,
  "fields": {
    "polling_booth": 2,
    "organization": 1,
    "full_name": "Voter 3 B002",
    "voter_id_number": "MH-01-B002-V0003",
    "epic_number": "",
    "phone": "+91 9876500003",
    "address": "",
    "age": 31,
    "gender": "female",
    "caste_category": "",
    "religion": "",
    "occupation": "",
    "education": "",
    "family_size": null,
    "voter_category": "core_supporter",
    "sentiment": "strongly_positive",
    "sentiment_score": "-0.20",
    "sentiment_last_updated": null,
    "influencer_score": 30,
    "first_time_voter": false,
    "verified": true,
    "verified_by": null,
    "verified_at": null,
    "consent_given": false,
    "contacted_by_party": false,
    "last_contact_date": null,
    "contact_method": "",
    "notes": "",
    "tags": [],
    "metadata": {},
    "created_at": "2025-11-13T06:15:33.113Z",
    "updated_at": "2025-11-13T06:15:33.113Z"
  }
},
{
  "model": "api.voter",
  "pk": 14,
  "fields": {
    "polling_booth": 2,
    "organization": 1,
    "full_name": "Voter 4 B002",
    "voter_id_number": "MH-01-B002-V0004",
    "epic_number": "",
    "phone": "+91 9876500004",
    "address": "",
    "age": 33,
    "gender": "male",
    "caste_category": "",
    "religion": "",
    "occupation": "",
    "education": "",
    "family_size": null,
    "voter_category": "swing_voter",
    "sentiment": "positive",
    "sentiment_score": "-0.10",
    "sentiment_last_updated": null,
    "influencer_score": 40,
    "first_time_voter": false,
    "verified": false,
    "verified_by": null,
    "verified_at": null,
    "consent_given": false,
    "contacted_by_party": false,
    "last_contact_date": null,
    "contact_method": "",
    "notes": "",
    "tags": [],
    "metadata": {},
    "created_at": "2025-11-13T06:15:33.115Z",
    "updated_at": "2025-11-13T06:15:33.115Z"
  }
},
{
  "model": "api.voter",
  "pk": 15,
  "fields": {
    "polling_booth": 2,
    "organization": 1,
    "full_name": "Voter 5 B002",
    "voter_id_number": "MH-01-B002-V0005",
    "epic_number": "",
    "phone": "+91 9876500005",
    "address": "",
    "age": 35,
    "gender": "female",
    "caste_category": "",
    "religion": "",
    "occupation": "",
    "education": "",
    "family_size": null,
    "voter_category": "undecided",
    "sentiment": "neutral",
    "sentiment_score": "0.00",
    "sentiment_last_updated": null,
    "influencer_score": 50,
    "first_time_voter": true,
    "verified": false,
    "verified_by": null,
    "verified_at": null,
    "consent_given": false,
    "contacted_by_party": false,
    "last_contact_date": null,
    "contact_method": "",
    "notes": "",
    "tags": [],
    "metadata": {},
    "created_at": "2025-11-13T06:15:33.117Z",
    "updated_at": "2025-11-13T06:15:33.117Z"
  }
},
{
  "model": "api.voter",
  "pk": 16,
  "fields": {
    "polling_booth": 2,
    "organization": 1,
    "full_name": "Voter 6 B002",
    "voter_id_number": "MH-01-B002-V0006",
    "epic_number": "",
    "phone": "+91 9876500006",
    "address": "",
    "age": 37,
    "gender": "male",
    "caste_category": "",
    "religion": "",
    "occupation": "",
    "education": "",
    "family_size": null,
    "voter_category": "core_supporter",
    "sentiment": "negative",
    "sentiment_score": "0.10",
    "sentiment_last_updated": null,
    "influencer_score": 60,
    "first_time_voter": false,
    "verified": true,
    "verified_by": null,
    "verified_at": null,
    "consent_given": false,
    "contacted_by_party": false,
    "last_contact_date": null,
    "contact_method": "",
    "notes": "",
    "tags": [],
    "metadata": {},
    "created_at": "2025-11-13T06:15:33.119Z",
    "updated_at": "2025-11-13T06:15:33.119Z"
  }
},
{
  "model": "api.voter",
  "pk": 17,
  "fields": {
    "polling_booth": 2,
    "organization": 1,
    "full_name": "Voter 7 B002",
    "voter_id_number": "MH-01-B002-V0007",
    "epic_number": "",
    "phone": "+91 9876500007",
    "address": "",
    "age": 39,
    "gender": "female",
    "caste_category": "",
    "religion": "",
    "occupation": "",
    "education": "",
    "family_size": null,
    "voter_category": "swing_voter",
    "sentiment": "strongly_positive",
    "sentiment_score": "0.20",
    "sentiment_last_updated": null,
    "influencer_score": 70,
    "first_time_voter": false,
    "verified": false,
    "verified_by": null,
    "verified_at": null,
    "consent_given": false,
    "contacted_by_party": false,
    "last_contact_date": null,
    "contact_method": "",
    "notes": "",
    "tags": [],
    "metadata": {},
    "created_at": "2025-11-13T06:15:33.121Z",
    "updated_at": "2025-11-13T06:15:33.121Z"
  }
},
{
  "model": "api.voter",
  "pk": 18,
  "fields": {
    "polling_booth": 2,
    "organization": 1,
    "full_name": "Voter 8 B002",
    "voter_id_number": "MH-01-B002-V0008",
    "epic_number": "",
    "phone": "+91 9876500008",
    "address": "",
    "age": 41,
    "gender": "male",
    "caste_category": "",
    "religion": "",
    "occupation": "",
    "education": "",
    "family_size": null,
    "voter_category": "undecided",
    "sentiment": "positive",
    "sentiment_score": "0.30",
    "sentiment_last_updated": null,
    "influencer_score": 80,
    "first_time_voter": false,
    "verified": false,
    "verified_by": null,
    "verified_at": null,
    "consent_given": false,
    "contacted_by_party": false,
    "last_contact_date": null,
    "contact_method": "",
    "notes": "",
    "tags": [],
    "metadata": {},
    "created_at": "2025-11-13T06:15:33.123Z",
    "updated_at": "2025-11-13T06:15:33.123Z"
  }
},
{
  "model": "api.voter",
  "pk": 19,
  "fields": {
    "polling_booth": 2,
    "organization": 1,
    "full_name": "Voter 9 B002",
    "voter_id_number": "MH-01-B002-V0009",
    "epic_number": "",
    "phone": "+91 9876500009",
    "address": "",
    "age": 43,
    "gender": "female",
    "caste_category": "",
    "religion": "",
    "occupation": "",
    "education": "",
    "family_size": null,
    "voter_category": "core_supporter",
    "sentiment": "neutral",
    "sentiment_score": "0.40",
    "sentiment_last_updated": null,
    "influencer_score": 90,
    "first_time_voter": false,
    "verified": true,
    "verified_by": null,
    "verified_at": null,
    "consent_given": false,
    "contacted_by_party": false,
    "last_contact_date": null,
    "contact_method": "",
    "notes": "",
    "tags": [],
    "metadata": {},
    "created_at": "2025-11-13T06:15:33.125Z",
    "updated_at": "2025-11-13T06:15:33.125Z"
  }
},
{
  "model": "api.voter",
  "pk": 20,
  "fields": {
    "polling_booth": 2,
    "organization": 1,
    "full_name": "Voter 10 B002",
    "voter_id_number": "MH-01-B002-V0010",
    "epic_number": "",
    "phone": "+91 9876500010",
    "address": "",
    "age": 45,
    "gender": "male",
    "caste_category": "",
    "religion": "",
    "occupation": "",
    "education": "",
    "family_size": null,
    "voter_category": "swing_voter",
    "sentiment": "negative",
    "sentiment_score": "-0.50",
    "sentiment_last_updated": null,
    "influencer_score": 100,
    "first_time_voter": true,
    "verified": false,
    "verified_by": null,
    "verified_at": null,
    "consent_given": false,
    "contacted_by_party": false,
    "last_contact_date": null,
    "contact_method": "",
    "notes": "",
    "tags": [],
    "metadata": {},
    "created_at": "2025-11-13T06:15:33.127Z",
    "updated_at": "2025-11-13T06:15:33.127Z"
  }
},
{
  "model": "api.voter",
  "pk": 21,
  "fields": {
    "polling_booth": 3,
    "organization": 1,
    "full_name": "Voter 1 B003",
    "voter_id_number": "MH-01-B003-V0001",
    "epic_number": "",
    "phone": "+91 9876500001",
    "address": "",
    "age": 27,
    "gender": "female",
    "caste_category": "",
    "religion": "",
    "occupation": "",
    "education": "",
    "family_size": null,
    "voter_category": "swing_voter",
    "sentiment": "neutral",
    "sentiment_score": "-0.40",
    "sentiment_last_updated": null,
    "influencer_score": 10,
    "first_time_voter": false,
    "verified": false,
    "verified_by": null,
    "verified_at": null,
    "consent_given": false,
    "contacted_by_party": false,
    "last_contact_date": null,
    "contact_method": "",
    "notes": "",
    "tags": [],
    "metadata": {},
    "created_at": "2025-11-13T06:15:33.129Z",
    "updated_at": "2025-11-13T06:15:33.129Z"
  }
},
{
  "model": "api.voter",
  "pk": 22,
  "fields": {
    "polling_booth": 3,
    "organization": 1,
    "full_name": "Voter 2 B003",
    "voter_id_number": "MH-01-B003-V0002",
    "epic_number": "",
    "phone": "+91 9876500002",
    "address": "",
    "age": 29,
    "gender": "male",
    "caste_category": "",
    "religion": "",
    "occupation": "",
    "education": "",
    "family_size": null,
    "voter_category": "undecided",
    "sentiment": "negative",
    "sentiment_score": "-0.30",
    "sentiment_last_updated": null,
    "influencer_score": 20,
    "first_time_voter": false,
    "verified": false,
    "verified_by": null,
    "verified_at": null,
    "consent_given": false,
    "contacted_by_party": false,
    "last_contact_date": null,
    "contact_method": "",
    "notes": "",
    "tags": [],
    "metadata": {},
    "created_at": "2025-11-13T06:15:33.132Z",
    "updated_at": "2025-11-13T06:15:33.132Z"
  }
},
{
  "model": "api.voter",
  "pk": 23,
  "fields": {
    "polling_booth": 3,
    "organization": 1,
    "full_name": "Voter 3 B003",
    "voter_id_number": "MH-01-B003-V0003",
    "epic_number": "",
    "phone": "+91 9876500003",
    "address": "",
    "age": 31,
    "gender": "female",
    "caste_category": "",
    "religion": "",
    "occupation": "",
    "education": "",
    "family_size": null,
    "voter_category": "core_supporter",
    "sentiment": "strongly_positive",
    "sentiment_score": "-0.20",
    "sentiment_last_updated": null,
    "influencer_score": 30,
    "first_time_voter": false,
    "verified": true,
    "verified_by": null,
    "verified_at": null,
    "consent_given": false,
    "contacted_by_party": false,
    "last_contact_date": null,
    "contact_method": "",
    "notes": "",
    "tags": [],
    "metadata": {},
    "created_at": "2025-11-13T06:15:33.134Z",
    "updated_at": "2025-11-13T06:15:33.134Z"
  }
},
{
  "model": "api.voter",
  "pk": 24,
  "fields": {
    "polling_booth": 3,
    "organization": 1,
    "full_name": "Voter 4 B003",
    "voter_id_number": "MH-01-B003-V0004",
    "epic_number": "",
    "phone": "+91 9876500004",
    "address": "",
    "age": 33,
    "gender": "male",
    "caste_category": "",
    "religion": "",
    "occupation": "",
    "education": "",
    "family_size": null,
    "voter_category": "swing_voter",
    "sentiment": "positive",
    "sentiment_score": "-0.10",
    "sentiment_last_updated": null,
    "influencer_score": 40,
    "first_time_voter": false,
    "verified": false,
    "verified_by": null,
    "verified_at": null,
    "consent_given": false,
    "contacted_by_party": false,
    "last_contact_date": null,
    "contact_method": "",
    "notes": "",
    "tags": [],
    "metadata": {},
    "created_at": "2025-11-13T06:15:33.136Z",
    "updated_at": "2025-11-13T06:15:33.136Z"
  }
},
{
  "model": "api.voter",
  "pk": 25,
  "fields": {
    "polling_booth": 3,
    "organization": 1,
    "full_name": "Voter 5 B003",
    "voter_id_number": "MH-01-B003-V0005",
    "epic_number": "",
    "phone": "+91 9876500005",
    "address": "",
    "age": 35,
    "gender": "female",
    "caste_category": "",
    "religion": "",
    "occupation": "",
    "education": "",
    "family_size": null,
    "voter_category": "undecided",
    "sentiment": "neutral",
    "sentiment_score": "0.00",
    "sentiment_last_updated": null,
    "influencer_score": 50,
    "first_time_voter": true,
    "verified": false,
    "verified_by": null,
    "verified_at": null,
    "consent_given": false,
    "contacted_by_party": false,
    "last_contact_date": null,
    "contact_method": "",
    "notes": "",
    "tags": [],
    "metadata": {},
    "created_at": "2025-11-13T06:15:33.138Z",
    "updated_at": "2025-11-13T06:15:33.138Z"
  }
},
{
  "model": "api.voter",
  "pk": 26,
  "fields": {
    "polling_booth": 3,
    "organization": 1,
    "full_name": "Voter 6 B003",
    "voter_id_number": "MH-01-B003-V0006",
    "epic_number": "",
    "phone": "+91 9876500006",
    "address": "",
    "age": 37,
    "gender": "male",
    "caste_category": "",
    "religion": "",
    "occupation": "",
    "education": "",
    "family_size": null,
    "voter_category": "core_supporter",
    "sentiment": "negative",
    "sentiment_score": "0.10",
    "sentiment_last_updated": null,
    "influencer_score": 60,
    "first_time_voter": false,
    "verified": true,
    "verified_by": null,
    "verified_at": null,
    "consent_given": false,
    "contacted_by_party": false,
    "last_contact_date": null,
    "contact_method": "",
    "notes": "",
    "tags": [],
    "metadata": {},
    "created_at": "2025-11-13T06:15:33.140Z",
    "updated_at": "2025-11-13T06:15:33.140Z"
  }
},
{
  "model": "api.voter",
  "pk": 27,
  "fields": {
    "polling_booth": 3,
    "organization": 1,
    "full_name": "Voter 7 B003",
    "voter_id_number": "MH-01-B003-V0007",
    "epic_number": "",
    "phone": "+91 9876500007",
    "address": "",
    "age": 39,
    "gender": "female",
    "caste_category": "",
    "religion": "",
    "occupation": "",
    "education": "",
    "family_size": null,
    "voter_category": "swing_voter",
    "sentiment": "strongly_positive",
    "sentiment_score": "0.20",
    "sentiment_last_updated": null,
    "influencer_score": 70,
    "first_time_voter": false,
    "verified": false,
    "verified_by": null,
    "verified_at": null,
    "consent_given": false,
    "contacted_by_party": false,
    "last_contact_date": null,
    "contact_method": "",
    "notes": "",
    "tags": [],
    "metadata": {},
    "created_at": "2025-11-13T06:15:33.142Z",
    "updated_at": "2025-11-13T06:15:33.142Z"
  }
},
{
  "model": "api.voter",
  "pk": 28,
  "fields": {
    "polling_booth": 3,
    "organization": 1,
    "full_name": "Voter 8 B003",
    "voter_id_number": "MH-01-B003-V0008",
    "epic_number": "",
    "phone": "+91 9876500008",
    "address": "",
    "age": 41,
    "gender": "male",
    "caste_category": "",
    "religion": "",
    "occupation": "",
    "education": "",
    "family_size": null,
    "voter_category": "undecided",
    "sentiment": "positive",
    "sentiment_score": "0.30",
    "sentiment_last_updated": null,
    "influencer_score": 80,
    "first_time_voter": false,
    "verified": false,
    "verified_by": null,
    "verified_at": null,
    "consent_given": false,
    "contacted_by_party": false,
    "last_contact_date": null,
    "contact_method": "",
    "notes": "",
    "tags": [],
    "metadata": {},
    "created_at": "2025-11-13T06:15:33.144Z",
    "updated_at": "2025-11-13T06:15:33.144Z"
  }
},
{
  "model": "api.voter",
  "pk": 29,
  "fields": {
    "polling_booth": 3,
    "organization": 1,
    "full_name": "Voter 9 B003",
    "voter_id_number": "MH-01-B003-V0009",
    "epic_number": "",
    "phone": "+91 9876500009",
    "address": "",
    "age": 43,
    "gender": "female",
    "caste_category": "",
    "religion": "",
    "occupation": "",
    "education": "",
    "family_size": null,
    "voter_category": "core_supporter",
    "sentiment": "neutral",
    "sentiment_score": "0.40",
    "sentiment_last_updated": null,
    "influencer_score": 90,
    "first_time_voter": false,
    "verified": true,
    "verified_by": null,
    "verified_at": null,
    "consent_given": false,
    "contacted_by_party": false,
    "last_contact_date": null,
    "contact_method": "",
    "notes": "",
    "tags": [],
    "metadata": {},
    "created_at": "2025-11-13T06:15:33.147Z",
    "updated_at": "2025-11-13T06:15:33.147Z"
  }
},
{
  "model": "api.voter",
  "pk": 30,
  "fields": {
    "polling_booth": 3,
    "organization": 1,
    "full_name": "Voter 10 B003",
    "voter_id_number": "MH-01-B003-V0010",
    "epic_number": "",
    "phone": "+91 9876500010",
    "address": "",
    "age": 45,
    "gender": "male",
    "caste_category": "",
    "religion": "",
    "occupation": "",
    "education": "",
    "family_size": null,
    "voter_category": "swing_voter",
    "sentiment": "negative",
    "sentiment_score": "-0.50",
    "sentiment_last_updated": null,
    "influencer_score": 100,
    "first_time_voter": true,
    "verified": false,
    "verified_by": null,
    "verified_at": null,
    "consent_given": false,
    "contacted_by_party": false,
    "last_contact_date": null,
    "contact_method": "",
    "notes": "",
    "tags": [],
    "metadata": {},
    "created_at": "2025-11-13T06:15:33.149Z",
    "updated_at": "2025-11-13T06:15:33.149Z"
  }
},
{
  "model": "api.voter",
  "pk": 31,
  "fields": {
    "polling_booth": 6,
    "organization": 1,
    "full_name": "Voter 1 B001",
    "voter_id_number": "DL-01-B001-V0001",
    "epic_number": "",
    "phone": "+91 9876500001",
    "address": "",
    "age": 27,
    "gender": "female",
    "caste_category": "",
    "religion": "",
    "occupation": "",
    "education": "",
    "family_size": null,
    "voter_category": "swing_voter",
    "sentiment": "neutral",
    "sentiment_score": "-0.40",
    "sentiment_last_updated": null,
    "influencer_score": 10,
    "first_time_voter": false,
    "verified": false,
    "verified_by": null,
    "verified_at": null,
    "consent_given": false,
    "contacted_by_party": false,
    "last_contact_date": null,
    "contact_method": "",
    "notes": "",
    "tags": [],
    "metadata": {},
    "created_at": "2025-11-13T06:15:33.153Z",
    "updated_at": "2025-11-13T06:15:33.153Z"
  }
},
{
  "model": "api.voter",
  "pk": 32,
  "fields": {
    "polling_booth": 6,
    "organization": 1,
    "full_name": "Voter 2 B001",
    "voter_id_number": "DL-01-B001-V0002",
    "epic_number": "",
    "phone": "+91 9876500002",
    "address": "",
    "age": 29,
    "gender": "male",
    "caste_category": "",
    "religion": "",
    "occupation": "",
    "education": "",
    "family_size": null,
    "voter_category": "undecided",
    "sentiment": "negative",
    "sentiment_score": "-0.30",
    "sentiment_last_updated": null,
    "influencer_score": 20,
    "first_time_voter": false,
    "verified": false,
    "verified_by": null,
    "verified_at": null,
    "consent_given": false,
    "contacted_by_party": false,
    "last_contact_date": null,
    "contact_method": "",
    "notes": "",
    "tags": [],
    "metadata": {},
    "created_at": "2025-11-13T06:15:33.155Z",
    "updated_at": "2025-11-13T06:15:33.155Z"
  }
},
{
  "model": "api.voter",
  "pk": 33,
  "fields": {
    "polling_booth": 6,
    "organization": 1,
    "full_name": "Voter 3 B001",
    "voter_id_number": "DL-01-B001-V0003",
    "epic_number": "",
    "phone": "+91 9876500003",
    "address": "",
    "age": 31,
    "gender": "female",
    "caste_category": "",
    "religion": "",
    "occupation": "",
    "education": "",
    "family_size": null,
    "voter_category": "core_supporter",
    "sentiment": "strongly_positive",
    "sentiment_score": "-0.20",
    "sentiment_last_updated": null,
    "influencer_score": 30,
    "first_time_voter": false,
    "verified": true,
    "verified_by": null,
    "verified_at": null,
    "consent_given": false,
    "contacted_by_party": false,
    "last_contact_date": null,
    "contact_method": "",
    "notes": "",
    "tags": [],
    "metadata": {},
    "created_at": "2025-11-13T06:15:33.157Z",
    "updated_at": "2025-11-13T06:15:33.157Z"
  }
},
{
  "model": "api.voter",
  "pk": 34,
  "fields": {
    "polling_booth": 6,
    "organization": 1,
    "full_name": "Voter 4 B001",
    "voter_id_number": "DL-01-B001-V0004",
    "epic_number": "",
    "phone": "+91 9876500004",
    "address": "",
    "age": 33,
    "gender": "male",
    "caste_category": "",
    "religion": "",
    "occupation": "",
    "education": "",
    "family_size": null,
    "voter_category": "swing_voter",
    "sentiment": "positive",
    "sentiment_score": "-0.10",
    "sentiment_last_updated": null,
    "influencer_score": 40,
    "first_time_voter": false,
    "verified": false,
    "verified_by": null,
    "verified_at": null,
    "consent_given": false,
    "contacted_by_party": false,
    "last_contact_date": null,
    "contact_method": "",
    "notes": "",
    "tags": [],
    "metadata": {},
    "created_at": "2025-11-13T06:15:33.159Z",
    "updated_at": "2025-11-13T06:15:33.159Z"
  }
},
{
  "model": "api.voter",
  "pk": 35,
  "fields": {
    "polling_booth": 6,
    "organization": 1,
    "full_name": "Voter 5 B001",
    "voter_id_number": "DL-01-B001-V0005",
    "epic_number": "",
    "phone": "+91 9876500005",
    "address": "",
    "age": 35,
    "gender": "female",
    "caste_category": "",
    "religion": "",
    "occupation": "",
    "education": "",
    "family_size": null,
    "voter_category": "undecided",
    "sentiment": "neutral",
    "sentiment_score": "0.00",
    "sentiment_last_updated": null,
    "influencer_score": 50,
    "first_time_voter": true,
    "verified": false,
    "verified_by": null,
    "verified_at": null,
    "consent_given": false,
    "contacted_by_party": false,
    "last_contact_date": null,
    "contact_method": "",
    "notes": "",
    "tags": [],
    "metadata": {},
    "created_at": "2025-11-13T06:15:33.161Z",
    "updated_at": "2025-11-13T06:15:33.161Z"
  }
},
{
  "model": "api.voter",
  "pk": 36,
  "fields": {
    "polling_booth": 6,
    "organization": 1,
    "full_name": "Voter 6 B001",
    "voter_id_number": "DL-01-B001-V0006",
    "epic_number": "",
    "phone": "+91 9876500006",
    "address": "",
    "age": 37,
    "gender": "male",
    "caste_category": "",
    "religion": "",
    "occupation": "",
    "education": "",
    "family_size": null,
    "voter_category": "core_supporter",
    "sentiment": "negative",
    "sentiment_score": "0.10",
    "sentiment_last_updated": null,
    "influencer_score": 60,
    "first_time_voter": false,
    "verified": true,
    "verified_by": null,
    "verified_at": null,
    "consent_given": false,
    "contacted_by_party": false,
    "last_contact_date": null,
    "contact_method": "",
    "notes": "",
    "tags": [],
    "metadata": {},
    "created_at": "2025-11-13T06:15:33.163Z",
    "updated_at": "2025-11-13T06:15:33.163Z"
  }
},
{
  "model": "api.voter",
  "pk": 37,
  "fields": {
    "polling_booth": 6,
    "organization": 1,
    "full_name": "Voter 7 B001",
    "voter_id_number": "DL-01-B001-V0007",
    "epic_number": "",
    "phone": "+91 9876500007",
    "address": "",
    "age": 39,
    "gender": "female",
    "caste_category": "",
    "religion": "",
    "occupation": "",
    "education": "",
    "family_size": null,
    "voter_category": "swing_voter",
    "sentiment": "strongly_positive",
    "sentiment_score": "0.20",
    "sentiment_last_updated": null,
    "influencer_score": 70,
    "first_time_voter": false,
    "verified": false,
    "verified_by": null,
    "verified_at": null,
    "consent_given": false,
    "contacted_by_party": false,
    "last_contact_date": null,
    "contact_method": "",
    "notes": "",
    "tags": [],
    "metadata": {},
    "created_at": "2025-11-13T06:15:33.165Z",
    "updated_at": "2025-11-13T06:15:33.165Z"
  }
},
{
  "model": "api.voter",
  "pk": 38,
  "fields": {
    "polling_booth": 6,
    "organization": 1,
    "full_name": "Voter 8 B001",
    "voter_id_number": "DL-01-B001-V0008",
    "epic_number": "",
    "phone": "+91 9876500008",
    "address": "",
    "age": 41,
    "gender": "male",
    "caste_category": "",
    "religion": "",
    "occupation": "",
    "education": "",
    "family_size": null,
    "voter_category": "undecided",
    "sentiment": "positive",
    "sentiment_score": "0.30",
    "sentiment_last_updated": null,
    "influencer_score": 80,
    "first_time_voter": false,
    "verified": false,
    "verified_by": null,
    "verified_at": null,
    "consent_given": false,
    "contacted_by_party": false,
    "last_contact_date": null,
    "contact_method": "",
    "notes": "",
    "tags": [],
    "metadata": {},
    "created_at": "2025-11-13T06:15:33.167Z",
    "updated_at": "2025-11-13T06:15:33.167Z"
  }
},
{
  "model": "api.voter",
  "pk": 39,
  "fields": {
    "polling_booth": 6,
    "organization": 1,
    "full_name": "Voter 9 B001",
    "voter_id_number": "DL-01-B001-V0009",
    "epic_number": "",
    "phone": "+91 9876500009",
    "address": "",
    "age": 43,
    "gender": "female",
    "caste_category": "",
    "religion": "",
    "occupation": "",
    "education": "",
    "family_size": null,
    "voter_category": "core_supporter",
    "sentiment": "neutral",
    "sentiment_score": "0.40",
    "sentiment_last_updated": null,
    "influencer_score": 90,
    "first_time_voter": false,
    "verified": true,
    "verified_by": null,
    "verified_at": null,
    "consent_given": false,
    "contacted_by_party": false,
    "last_contact_date": null,
    "contact_method": "",
    "notes": "",
    "tags": [],
    "metadata": {},
    "created_at": "2025-11-13T06:15:33.169Z",
    "updated_at": "2025-11-13T06:15:33.169Z"
  }
},
{
  "model": "api.voter",
  "pk": 40,
  "fields": {
    "polling_booth": 6,
    "organization": 1,
    "full_name": "Voter 10 B001",
    "voter_id_number": "DL-01-B001-V0010",
    "epic_number": "",
    "phone": "+91 9876500010",
    "address": "",
    "age": 45,
    "gender": "male",
    "caste_category": "",
    "religion": "",
    "occupation": "",
    "education": "",
    "family_size": null,
    "voter_category": "swing_voter",
    "sentiment": "negative",
    "sentiment_score": "-0.50",
    "sentiment_last_updated": null,
    "influencer_score": 100,
    "first_time_voter": true,
    "verified": false,
    "verified_by": null,
    "verified_at": null,
    "consent_given": false,
    "contacted_by_party": false,
    "last_contact_date": null,
    "contact_method": "",
    "notes": "",
    "tags": [],
    "metadata": {},
    "created_at": "2025-11-13T06:15:33.172Z",
    "updated_at": "2025-11-13T06:15:33.172Z"
  }
},
{
  "model": "api.voter",
  "pk": 41,
  "fields": {
    "polling_booth": 7,
    "organization": 1,
    "full_name": "Voter 1 B002",
    "voter_id_number": "DL-01-B002-V0001",
    "epic_number": "",
    "phone": "+91 9876500001",
    "address": "",
    "age": 27,
    "gender": "female",
    "caste_category": "",
    "religion": "",
    "occupation": "",
    "education": "",
    "family_size": null,
    "voter_category": "swing_voter",
    "sentiment": "neutral",
    "sentiment_score": "-0.40",
    "sentiment_last_updated": null,
    "influencer_score": 10,
    "first_time_voter": false,
    "verified": false,
    "verified_by": null,
    "verified_at": null,
    "consent_given": false,
    "contacted_by_party": false,
    "last_contact_date": null,
    "contact_method": "",
    "notes": "",
    "tags": [],
    "metadata": {},
    "created_at": "2025-11-13T06:15:33.174Z",
    "updated_at": "2025-11-13T06:15:33.174Z"
  }
},
{
  "model": "api.voter",
  "pk": 42,
  "fields": {
    "polling_booth": 7,
    "organization": 1,
    "full_name": "Voter 2 B002",
    "voter_id_number": "DL-01-B002-V0002",
    "epic_number": "",
    "phone": "+91 9876500002",
    "address": "",
    "age": 29,
    "gender": "male",
    "caste_category": "",
    "religion": "",
    "occupation": "",
    "education": "",
    "family_size": null,
    "voter_category": "undecided",
    "sentiment": "negative",
    "sentiment_score": "-0.30",
    "sentiment_last_updated": null,
    "influencer_score": 20,
    "first_time_voter": false,
    "verified": false,
    "verified_by": null,
    "verified_at": null,
    "consent_given": false,
    "contacted_by_party": false,
    "last_contact_date": null,
    "contact_method": "",
    "notes": "",
    "tags": [],
    "metadata": {},
    "created_at": "2025-11-13T06:15:33.176Z",
    "updated_at": "2025-11-13T06:15:33.176Z"
  }
},
{
  "model": "api.voter",
  "pk": 43,
  "fields": {
    "polling_booth": 7,
    "organization": 1,
    "full_name": "Voter 3 B002",
    "voter_id_number": "DL-01-B002-V0003",
    "epic_number": "",
    "phone": "+91 9876500003",
    "address": "",
    "age": 31,
    "gender": "female",
    "caste_category": "",
    "religion": "",
    "occupation": "",
    "education": "",
    "family_size": null,
    "voter_category": "core_supporter",
    "sentiment": "strongly_positive",
    "sentiment_score": "-0.20",
    "sentiment_last_updated": null,
    "influencer_score": 30,
    "first_time_voter": false,
    "verified": true,
    "verified_by": null,
    "verified_at": null,
    "consent_given": false,
    "contacted_by_party": false,
    "last_contact_date": null,
    "contact_method": "",
    "notes": "",
    "tags": [],
    "metadata": {},
    "created_at": "2025-11-13T06:15:33.178Z",
    "updated_at": "2025-11-13T06:15:33.178Z"
  }
},
{
  "model": "api.voter",
  "pk": 44,
  "fields": {
    "polling_booth": 7,
    "organization": 1,
    "full_name": "Voter 4 B002",
    "voter_id_number": "DL-01-B002-V0004",
    "epic_number": "",
    "phone": "+91 9876500004",
    "address": "",
    "age": 33,
    "gender": "male",
    "caste_category": "",
    "religion": "",
    "occupation": "",
    "education": "",
    "family_size": null,
    "voter_category": "swing_voter",
    "sentiment": "positive",
    "sentiment_score": "-0.10",
    "sentiment_last_updated": null,
    "influencer_score": 40,
    "first_time_voter": false,
    "verified": false,
    "verified_by": null,
    "verified_at": null,
    "consent_given": false,
    "contacted_by_party": false,
    "last_contact_date": null,
    "contact_method": "",
    "notes": "",
    "tags": [],
    "metadata": {},
    "created_at": "2025-11-13T06:15:33.180Z",
    "updated_at": "2025-11-13T06:15:33.180Z"
  }
},
{
  "model": "api.voter",
  "pk": 45,
  "fields": {
    "polling_booth": 7,
    "organization": 1,
    "full_name": "Voter 5 B002",
    "voter_id_number": "DL-01-B002-V0005",
    "epic_number": "",
    "phone": "+91 9876500005",
    "address": "",
    "age": 35,
    "gender": "female",
    "caste_category": "",
    "religion": "",
    "occupation": "",
    "education": "",
    "family_size": null,
    "voter_category": "undecided",
    "sentiment": "neutral",
    "sentiment_score": "0.00",
    "sentiment_last_updated": null,
    "influencer_score": 50,
    "first_time_voter": true,
    "verified": false,
    "verified_by": null,
    "verified_at": null,
    "consent_given": false,
    "contacted_by_party": false,
    "last_contact_date": null,
    "contact_method": "",
    "notes": "",
    "tags": [],
    "metadata": {},
    "created_at": "2025-11-13T06:15:33.183Z",
    "updated_at": "2025-11-13T06:15:33.183Z"
  }
},
{
  "model": "api.voter",
  "pk": 46,
  "fields": {
    "polling_booth": 7,
    "organization": 1,
    "full_name": "Voter 6 B002",
    "voter_id_number": "DL-01-B002-V0006",
    "epic_number": "",
    "phone": "+91 9876500006",
    "address": "",
    "age": 37,
    "gender": "male",
    "caste_category": "",
    "religion": "",
    "occupation": "",
    "education": "",
    "family_size": null,
    "voter_category": "core_supporter",
    "sentiment": "negative",
    "sentiment_score": "0.10",
    "sentiment_last_updated": null,
    "influencer_score": 60,
    "first_time_voter": false,
    "verified": true,
    "verified_by": null,
    "verified_at": null,
    "consent_given": false,
    "contacted_by_party": false,
    "last_contact_date": null,
    "contact_method": "",
    "notes": "",
    "tags": [],
    "metadata": {},
    "created_at": "2025-11-13T06:15:33.185Z",
    "updated_at": "2025-11-13T06:15:33.185Z"
  }
},
{
  "model": "api.voter",
  "pk": 47,
  "fields": {
    "polling_booth": 7,
    "organization": 1,
    "full_name": "Voter 7 B002",
    "voter_id_number": "DL-01-B002-V0007",
    "epic_number": "",
    "phone": "+91 9876500007",
    "address": "",
    "age": 39,
    "gender": "female",
    "caste_category": "",
    "religion": "",
    "occupation": "",
    "education": "",
    "family_size": null,
    "voter_category": "swing_voter",
    "sentiment": "strongly_positive",
    "sentiment_score": "0.20",
    "sentiment_last_updated": null,
    "influencer_score": 70,
    "first_time_voter": false,
    "verified": false,
    "verified_by": null,
    "verified_at": null,
    "consent_given": false,
    "contacted_by_party": false,
    "last_contact_date": null,
    "contact_method": "",
    "notes": "",
    "tags": [],
    "metadata": {},
    "created_at": "2025-11-13T06:15:33.188Z",
    "updated_at": "2025-11-13T06:15:33.188Z"
  }
},
{
  "model": "api.voter",
  "pk": 48,
  "fields": {
    "polling_booth": 7,
    "organization": 1,
    "full_name": "Voter 8 B002",
    "voter_id_number": "DL-01-B002-V0008",
    "epic_number": "",
    "phone": "+91 9876500008",
    "address": "",
    "age": 41,
    "gender": "male",
    "caste_category": "",
    "religion": "",
    "occupation": "",
    "education": "",
    "family_size": null,
    "voter_category": "undecided",
    "sentiment": "positive",
    "sentiment_score": "0.30",
    "sentiment_last_updated": null,
    "influencer_score": 80,
    "first_time_voter": false,
    "verified": false,
    "verified_by": null,
    "verified_at": null,
    "consent_given": false,
    "contacted_by_party": false,
    "last_contact_date": null,
    "contact_method": "",
    "notes": "",
    "tags": [],
    "metadata": {},
    "created_at": "2025-11-13T06:15:33.190Z",
    "updated_at": "2025-11-13T06:15:33.190Z"
  }
},
{
  "model": "api.voter",
  "pk": 49,
  "fields": {
    "polling_booth": 7,
    "organization": 1,
    "full_name": "Voter 9 B002",
    "voter_id_number": "DL-01-B002-V0009",
    "epic_number": "",
    "phone": "+91 9876500009",
    "address": "",
    "age": 43,
    "gender": "female",
    "caste_category": "",
    "religion": "",
    "occupation": "",
    "education": "",
    "family_size": null,
    "voter_category": "core_supporter",
    "sentiment": "neutral",
    "sentiment_score": "0.40",
    "sentiment_last_updated": null,
    "influencer_score": 90,
    "first_time_voter": false,
    "verified": true,
    "verified_by": null,
    "verified_at": null,
    "consent_given": false,
    "contacted_by_party": false,
    "last_contact_date": null,
    "contact_method": "",
    "notes": "",
    "tags": [],
    "metadata": {},
    "created_at": "2025-11-13T06:15:33.192Z",
    "updated_at": "2025-11-13T06:15:33.192Z"
  }
},
{
  "model": "api.voter",
  "pk": 50,
  "fields": {
    "polling_booth": 7,
    "organization": 1,
    "full_name": "Voter 10 B002",
    "voter_id_number": "DL-01-B002-V0010",
    "epic_number": "",
    "phone": "+91 9876500010",
    "address": "",
    "age": 45,
    "gender": "male",
    "caste_category": "",
    "religion": "",
    "occupation": "",
    "education": "",
    "family_size": null,
    "voter_category": "swing_voter",
    "sentiment": "negative",
    "sentiment_score": "-0.50",
    "sentiment_last_updated": null,
    "influencer_score": 100,
    "first_time_voter": true,
    "verified": false,
    "verified_by": null,
    "verified_at": null,
    "consent_given": false,
    "contacted_by_party": false,
    "last_contact_date": null,
    "contact_method": "",
    "notes": "",
    "tags": [],
    "metadata": {},
    "created_at": "2025-11-13T06:15:33.194Z",
    "updated_at": "2025-11-13T06:15:33.194Z"
  }
},
{
  "model": "api.voter",
  "pk": 51,
  "fields": {
    "polling_booth": 8,
    "organization": 1,
    "full_name": "Voter 1 B003",
    "voter_id_number": "DL-01-B003-V0001",
    "epic_number": "",
    "phone": "+91 9876500001",
    "address": "",
    "age": 27,
    "gender": "female",
    "caste_category": "",
    "religion": "",
    "occupation": "",
    "education": "",
    "family_size": null,
    "voter_category": "swing_voter",
    "sentiment": "neutral",
    "sentiment_score": "-0.40",
    "sentiment_last_updated": null,
    "influencer_score": 10,
    "first_time_voter": false,
    "verified": false,
    "verified_by": null,
    "verified_at": null,
    "consent_given": false,
    "contacted_by_party": false,
    "last_contact_date": null,
    "contact_method": "",
    "notes": "",
    "tags": [],
    "metadata": {},
    "created_at": "2025-11-13T06:15:33.196Z",
    "updated_at": "2025-11-13T06:15:33.196Z"
  }
},
{
  "model": "api.voter",
  "pk": 52,
  "fields": {
    "polling_booth": 8,
    "organization": 1,
    "full_name": "Voter 2 B003",
    "voter_id_number": "DL-01-B003-V0002",
    "epic_number": "",
    "phone": "+91 9876500002",
    "address": "",
    "age": 29,
    "gender": "male",
    "caste_category": "",
    "religion": "",
    "occupation": "",
    "education": "",
    "family_size": null,
    "voter_category": "undecided",
    "sentiment": "negative",
    "sentiment_score": "-0.30",
    "sentiment_last_updated": null,
    "influencer_score": 20,
    "first_time_voter": false,
    "verified": false,
    "verified_by": null,
    "verified_at": null,
    "consent_given": false,
    "contacted_by_party": false,
    "last_contact_date": null,
    "contact_method": "",
    "notes": "",
    "tags": [],
    "metadata": {},
    "created_at": "2025-11-13T06:15:33.198Z",
    "updated_at": "2025-11-13T06:15:33.199Z"
  }
},
{
  "model": "api.voter",
  "pk": 53,
  "fields": {
    "polling_booth": 8,
    "organization": 1,
    "full_name": "Voter 3 B003",
    "voter_id_number": "DL-01-B003-V0003",
    "epic_number": "",
    "phone": "+91 9876500003",
    "address": "",
    "age": 31,
    "gender": "female",
    "caste_category": "",
    "religion": "",
    "occupation": "",
    "education": "",
    "family_size": null,
    "voter_category": "core_supporter",
    "sentiment": "strongly_positive",
    "sentiment_score": "-0.20",
    "sentiment_last_updated": null,
    "influencer_score": 30,
    "first_time_voter": false,
    "verified": true,
    "verified_by": null,
    "verified_at": null,
    "consent_given": false,
    "contacted_by_party": false,
    "last_contact_date": null,
    "contact_method": "",
    "notes": "",
    "tags": [],
    "metadata": {},
    "created_at": "2025-11-13T06:15:33.201Z",
    "updated_at": "2025-11-13T06:15:33.201Z"
  }
},
{
  "model": "api.voter",
  "pk": 54,
  "fields": {
    "polling_booth": 8,
    "organization": 1,
    "full_name": "Voter 4 B003",
    "voter_id_number": "DL-01-B003-V0004",
    "epic_number": "",
    "phone": "+91 9876500004",
    "address": "",
    "age": 33,
    "gender": "male",
    "caste_category": "",
    "religion": "",
    "occupation": "",
    "education": "",
    "family_size": null,
    "voter_category": "swing_voter",
    "sentiment": "positive",
    "sentiment_score": "-0.10",
    "sentiment_last_updated": null,
    "influencer_score": 40,
    "first_time_voter": false,
    "verified": false,
    "verified_by": null,
    "verified_at": null,
    "consent_given": false,
    "contacted_by_party": false,
    "last_contact_date": null,
    "contact_method": "",
    "notes": "",
    "tags": [],
    "metadata": {},
    "created_at": "2025-11-13T06:15:33.203Z",
    "updated_at": "2025-11-13T06:15:33.203Z"
  }
},
{
  "model": "api.voter",
  "pk": 55,
  "fields": {
    "polling_booth": 8,
    "organization": 1,
    "full_name": "Voter 5 B003",
    "voter_id_number": "DL-01-B003-V0005",
    "epic_number": "",
    "phone": "+91 9876500005",
    "address": "",
    "age": 35,
    "gender": "female",
    "caste_category": "",
    "religion": "",
    "occupation": "",
    "education": "",
    "family_size": null,
    "voter_category": "undecided",
    "sentiment": "neutral",
    "sentiment_score": "0.00",
    "sentiment_last_updated": null,
    "influencer_score": 50,
    "first_time_voter": true,
    "verified": false,
    "verified_by": null,
    "verified_at": null,
    "consent_given": false,
    "contacted_by_party": false,
    "last_contact_date": null,
    "contact_method": "",
    "notes": "",
    "tags": [],
    "metadata": {},
    "created_at": "2025-11-13T06:15:33.205Z",
    "updated_at": "2025-11-13T06:15:33.205Z"
  }
},
{
  "model": "api.voter",
  "pk": 56,
  "fields": {
    "polling_booth": 8,
    "organization": 1,
    "full_name": "Voter 6 B003",
    "voter_id_number": "DL-01-B003-V0006",
    "epic_number": "",
    "phone": "+91 9876500006",
    "address": "",
    "age": 37,
    "gender": "male",
    "caste_category": "",
    "religion": "",
    "occupation": "",
    "education": "",
    "family_size": null,
    "voter_category": "core_supporter",
    "sentiment": "negative",
    "sentiment_score": "0.10",
    "sentiment_last_updated": null,
    "influencer_score": 60,
    "first_time_voter": false,
    "verified": true,
    "verified_by": null,
    "verified_at": null,
    "consent_given": false,
    "contacted_by_party": false,
    "last_contact_date": null,
    "contact_method": "",
    "notes": "",
    "tags": [],
    "metadata": {},
    "created_at": "2025-11-13T06:15:33.208Z",
    "updated_at": "2025-11-13T06:15:33.208Z"
  }
},
{
  "model": "api.voter",
  "pk": 57,
  "fields": {
    "polling_booth": 8,
    "organization": 1,
    "full_name": "Voter 7 B003",
    "voter_id_number": "DL-01-B003-V0007",
    "epic_number": "",
    "phone": "+91 9876500007",
    "address": "",
    "age": 39,
    "gender": "female",
    "caste_category": "",
    "religion": "",
    "occupation": "",
    "education": "",
    "family_size": null,
    "voter_category": "swing_voter",
    "sentiment": "strongly_positive",
    "sentiment_score": "0.20",
    "sentiment_last_updated": null,
    "influencer_score": 70,
    "first_time_voter": false,
    "verified": false,
    "verified_by": null,
    "verified_at": null,
    "consent_given": false,
    "contacted_by_party": false,
    "last_contact_date": null,
    "contact_method": "",
    "notes": "",
    "tags": [],
    "metadata": {},
    "created_at": "2025-11-13T06:15:33.210Z",
    "updated_at": "2025-11-13T06:15:33.210Z"
  }
},
{
  "model": "api.voter",
  "pk": 58,
  "fields": {
    "polling_booth": 8,
    "organization": 1,
    "full_name": "Voter 8 B003",
    "voter_id_number": "DL-01-B003-V0008",
    "epic_number": "",
    "phone": "+91 9876500008",
    "address": "",
    "age": 41,
    "gender": "male",
    "caste_category": "",
    "religion": "",
    "occupation": "",
    "education": "",
    "family_size": null,
    "voter_category": "undecided",
    "sentiment": "positive",
    "sentiment_score": "0.30",
    "sentiment_last_updated": null,
    "influencer_score": 80,
    "first_time_voter": false,
    "verified": false,
    "verified_by": null,
    "verified_at": null,
    "consent_given": false,
    "contacted_by_party": false,
    "last_contact_date": null,
    "contact_method": "",
    "notes": "",
    "tags": [],
    "metadata": {},
    "created_at": "2025-11-13T06:15:33.212Z",
    "updated_at": "2025-11-13T06:15:33.212Z"
  }
},
{
  "model": "api.voter",
  "pk": 59,
  "fields": {
    "polling_booth": 8,
    "organization": 1,
    "full_name": "Voter 9 B003",
    "voter_id_number": "DL-01-B003-V0009",
    "epic_number": "",
    "phone": "+91 9876500009",
    "address": "",
    "age": 43,
    "gender": "female",
    "caste_category": "",
    "religion": "",
    "occupation": "",
    "education": "",
    "family_size": null,
    "voter_category": "core_supporter",
    "sentiment": "neutral",
    "sentiment_score": "0.40",
    "sentiment_last_updated": null,
    "influencer_score": 90,
    "first_time_voter": false,
    "verified": true,
    "verified_by": null,
    "verified_at": null,
    "consent_given": false,
    "contacted_by_party": false,
    "last_contact_date": null,
    "contact_method": "",
    "notes": "",
    "tags": [],
    "metadata": {},
    "created_at": "2025-11-13T06:15:33.214Z",
    "updated_at": "2025-11-13T06:15:33.214Z"
  }
},
{
  "model": "api.voter",
  "pk": 60,
  "fields": {
    "polling_booth": 8,
    "organization": 1,
    "full_name": "Voter 10 B003",
    "voter_id_number": "DL-01-B003-V0010",
    "epic_number": "",
    "phone": "+91 9876500010",
    "address": "",
    "age": 45,
    "gender": "male",
    "caste_category": "",
    "religion": "",
    "occupation": "",
    "education": "",
    "family_size": null,
    "voter_category": "swing_voter",
    "sentiment": "negative",
    "sentiment_score": "-0.50",
    "sentiment_last_updated": null,
    "influencer_score": 100,
    "first_time_voter": true,
    "verified": false,
    "verified_by": null,
    "verified_at": null,
    "consent_given": false,
    "contacted_by_party": false,
    "last_contact_date": null,
    "contact_method": "",
    "notes": "",
    "tags": [],
    "metadata": {},
    "created_at": "2025-11-13T06:15:33.216Z",
    "updated_at": "2025-11-13T06:15:33.216Z"
  }
},
{
  "model": "api.voter",
  "pk": 61,
  "fields": {
    "polling_booth": 11,
    "organization": 1,
    "full_name": "Voter 1 B001",
    "voter_id_number": "KA-01-B001-V0001",
    "epic_number": "",
    "phone": "+91 9876500001",
    "address": "",
    "age": 27,
    "gender": "female",
    "caste_category": "",
    "religion": "",
    "occupation": "",
    "education": "",
    "family_size": null,
    "voter_category": "swing_voter",
    "sentiment": "neutral",
    "sentiment_score": "-0.40",
    "sentiment_last_updated": null,
    "influencer_score": 10,
    "first_time_voter": false,
    "verified": false,
    "verified_by": null,
    "verified_at": null,
    "consent_given": false,
    "contacted_by_party": false,
    "last_contact_date": null,
    "contact_method": "",
    "notes": "",
    "tags": [],
    "metadata": {},
    "created_at": "2025-11-13T06:15:33.220Z",
    "updated_at": "2025-11-13T06:15:33.220Z"
  }
},
{
  "model": "api.voter",
  "pk": 62,
  "fields": {
    "polling_booth": 11,
    "organization": 1,
    "full_name": "Voter 2 B001",
    "voter_id_number": "KA-01-B001-V0002",
    "epic_number": "",
    "phone": "+91 9876500002",
    "address": "",
    "age": 29,
    "gender": "male",
    "caste_category": "",
    "religion": "",
    "occupation": "",
    "education": "",
    "family_size": null,
    "voter_category": "undecided",
    "sentiment": "negative",
    "sentiment_score": "-0.30",
    "sentiment_last_updated": null,
    "influencer_score": 20,
    "first_time_voter": false,
    "verified": false,
    "verified_by": null,
    "verified_at": null,
    "consent_given": false,
    "contacted_by_party": false,
    "last_contact_date": null,
    "contact_method": "",
    "notes": "",
    "tags": [],
    "metadata": {},
    "created_at": "2025-11-13T06:15:33.222Z",
    "updated_at": "2025-11-13T06:15:33.222Z"
  }
},
{
  "model": "api.voter",
  "pk": 63,
  "fields": {
    "polling_booth": 11,
    "organization": 1,
    "full_name": "Voter 3 B001",
    "voter_id_number": "KA-01-B001-V0003",
    "epic_number": "",
    "phone": "+91 9876500003",
    "address": "",
    "age": 31,
    "gender": "female",
    "caste_category": "",
    "religion": "",
    "occupation": "",
    "education": "",
    "family_size": null,
    "voter_category": "core_supporter",
    "sentiment": "strongly_positive",
    "sentiment_score": "-0.20",
    "sentiment_last_updated": null,
    "influencer_score": 30,
    "first_time_voter": false,
    "verified": true,
    "verified_by": null,
    "verified_at": null,
    "consent_given": false,
    "contacted_by_party": false,
    "last_contact_date": null,
    "contact_method": "",
    "notes": "",
    "tags": [],
    "metadata": {},
    "created_at": "2025-11-13T06:15:33.225Z",
    "updated_at": "2025-11-13T06:15:33.225Z"
  }
},
{
  "model": "api.voter",
  "pk": 64,
  "fields": {
    "polling_booth": 11,
    "organization": 1,
    "full_name": "Voter 4 B001",
    "voter_id_number": "KA-01-B001-V0004",
    "epic_number": "",
    "phone": "+91 9876500004",
    "address": "",
    "age": 33,
    "gender": "male",
    "caste_category": "",
    "religion": "",
    "occupation": "",
    "education": "",
    "family_size": null,
    "voter_category": "swing_voter",
    "sentiment": "positive",
    "sentiment_score": "-0.10",
    "sentiment_last_updated": null,
    "influencer_score": 40,
    "first_time_voter": false,
    "verified": false,
    "verified_by": null,
    "verified_at": null,
    "consent_given": false,
    "contacted_by_party": false,
    "last_contact_date": null,
    "contact_method": "",
    "notes": "",
    "tags": [],
    "metadata": {},
    "created_at": "2025-11-13T06:15:33.227Z",
    "updated_at": "2025-11-13T06:15:33.227Z"
  }
},
{
  "model": "api.voter",
  "pk": 65,
  "fields": {
    "polling_booth": 11,
    "organization": 1,
    "full_name": "Voter 5 B001",
    "voter_id_number": "KA-01-B001-V0005",
    "epic_number": "",
    "phone": "+91 9876500005",
    "address": "",
    "age": 35,
    "gender": "female",
    "caste_category": "",
    "religion": "",
    "occupation": "",
    "education": "",
    "family_size": null,
    "voter_category": "undecided",
    "sentiment": "neutral",
    "sentiment_score": "0.00",
    "sentiment_last_updated": null,
    "influencer_score": 50,
    "first_time_voter": true,
    "verified": false,
    "verified_by": null,
    "verified_at": null,
    "consent_given": false,
    "contacted_by_party": false,
    "last_contact_date": null,
    "contact_method": "",
    "notes": "",
    "tags": [],
    "metadata": {},
    "created_at": "2025-11-13T06:15:33.230Z",
    "updated_at": "2025-11-13T06:15:33.230Z"
  }
},
{
  "model": "api.voter",
  "pk": 66,
  "fields": {
    "polling_booth": 11,
    "organization": 1,
    "full_name": "Voter 6 B001",
    "voter_id_number": "KA-01-B001-V0006",
    "epic_number": "",
    "phone": "+91 9876500006",
    "address": "",
    "age": 37,
    "gender": "male",
    "caste_category": "",
    "religion": "",
    "occupation": "",
    "education": "",
    "family_size": null,
    "voter_category": "core_supporter",
    "sentiment": "negative",
    "sentiment_score": "0.10",
    "sentiment_last_updated": null,
    "influencer_score": 60,
    "first_time_voter": false,
    "verified": true,
    "verified_by": null,
    "verified_at": null,
    "consent_given": false,
    "contacted_by_party": false,
    "last_contact_date": null,
    "contact_method": "",
    "notes": "",
    "tags": [],
    "metadata": {},
    "created_at": "2025-11-13T06:15:33.232Z",
    "updated_at": "2025-11-13T06:15:33.232Z"
  }
},
{
  "model": "api.voter",
  "pk": 67,
  "fields": {
    "polling_booth": 11,
    "organization": 1,
    "full_name": "Voter 7 B001",
    "voter_id_number": "KA-01-B001-V0007",
    "epic_number": "",
    "phone": "+91 9876500007",
    "address": "",
    "age": 39,
    "gender": "female",
    "caste_category": "",
    "religion": "",
    "occupation": "",
    "education": "",
    "family_size": null,
    "voter_category": "swing_voter",
    "sentiment": "strongly_positive",
    "sentiment_score": "0.20",
    "sentiment_last_updated": null,
    "influencer_score": 70,
    "first_time_voter": false,
    "verified": false,
    "verified_by": null,
    "verified_at": null,
    "consent_given": false,
    "contacted_by_party": false,
    "last_contact_date": null,
    "contact_method": "",
    "notes": "",
    "tags": [],
    "metadata": {},
    "created_at": "2025-11-13T06:15:33.235Z",
    "updated_at": "2025-11-13T06:15:33.235Z"
  }
},
{
  "model": "api.voter",
  "pk": 68,
  "fields": {
    "polling_booth": 11,
    "organization": 1,
    "full_name": "Voter 8 B001",
    "voter_id_number": "KA-01-B001-V0008",
    "epic_number": "",
    "phone": "+91 9876500008",
    "address": "",
    "age": 41,
    "gender": "male",
    "caste_category": "",
    "religion": "",
    "occupation": "",
    "education": "",
    "family_size": null,
    "voter_category": "undecided",
    "sentiment": "positive",
    "sentiment_score": "0.30",
    "sentiment_last_updated": null,
    "influencer_score": 80,
    "first_time_voter": false,
    "verified": false,
    "verified_by": null,
    "verified_at": null,
    "consent_given": false,
    "contacted_by_party": false,
    "last_contact_date": null,
    "contact_method": "",
    "notes": "",
    "tags": [],
    "metadata": {},
    "created_at": "2025-11-13T06:15:33.238Z",
    "updated_at": "2025-11-13T06:15:33.238Z"
  }
},
{
  "model": "api.voter",
  "pk": 69,
  "fields": {
    "polling_booth": 11,
    "organization": 1,
    "full_name": "Voter 9 B001",
    "voter_id_number": "KA-01-B001-V0009",
    "epic_number": "",
    "phone": "+91 9876500009",
    "address": "",
    "age": 43,
    "gender": "female",
    "caste_category": "",
    "religion": "",
    "occupation": "",
    "education": "",
    "family_size": null,
    "voter_category": "core_supporter",
    "sentiment": "neutral",
    "sentiment_score": "0.40",
    "sentiment_last_updated": null,
    "influencer_score": 90,
    "first_time_voter": false,
    "verified": true,
    "verified_by": null,
    "verified_at": null,
    "consent_given": false,
    "contacted_by_party": false,
    "last_contact_date": null,
    "contact_method": "",
    "notes": "",
    "tags": [],
    "metadata": {},
    "created_at": "2025-11-13T06:15:33.241Z",
    "updated_at": "2025-11-13T06:15:33.241Z"
  }
},
{
  "model": "api.voter",
  "pk": 70,
  "fields": {
    "polling_booth": 11,
    "organization": 1,
    "full_name": "Voter 10 B001",
    "voter_id_number": "KA-01-B001-V0010",
    "epic_number": "",
    "phone": "+91 9876500010",
    "address": "",
    "age": 45,
    "gender": "male",
    "caste_category": "",
    "religion": "",
    "occupation": "",
    "education": "",
    "family_size": null,
    "voter_category": "swing_voter",
    "sentiment": "negative",
    "sentiment_score": "-0.50",
    "sentiment_last_updated": null,
    "influencer_score": 100,
    "first_time_voter": true,
    "verified": false,
    "verified_by": null,
    "verified_at": null,
    "consent_given": false,
    "contacted_by_party": false,
    "last_contact_date": null,
    "contact_method": "",
    "notes": "",
    "tags": [],
    "metadata": {},
    "created_at": "2025-11-13T06:15:33.243Z",
    "updated_at": "2025-11-13T06:15:33.243Z"
  }
},
{
  "model": "api.voter",
  "pk": 71,
  "fields": {
    "polling_booth": 12,
    "organization": 1,
    "full_name": "Voter 1 B002",
    "voter_id_number": "KA-01-B002-V0001",
    "epic_number": "",
    "phone": "+91 9876500001",
    "address": "",
    "age": 27,
    "gender": "female",
    "caste_category": "",
    "religion": "",
    "occupation": "",
    "education": "",
    "family_size": null,
    "voter_category": "swing_voter",
    "sentiment": "neutral",
    "sentiment_score": "-0.40",
    "sentiment_last_updated": null,
    "influencer_score": 10,
    "first_time_voter": false,
    "verified": false,
    "verified_by": null,
    "verified_at": null,
    "consent_given": false,
    "contacted_by_party": false,
    "last_contact_date": null,
    "contact_method": "",
    "notes": "",
    "tags": [],
    "metadata": {},
    "created_at": "2025-11-13T06:15:33.246Z",
    "updated_at": "2025-11-13T06:15:33.246Z"
  }
},
{
  "model": "api.voter",
  "pk": 72,
  "fields": {
    "polling_booth": 12,
    "organization": 1,
    "full_name": "Voter 2 B002",
    "voter_id_number": "KA-01-B002-V0002",
    "epic_number": "",
    "phone": "+91 9876500002",
    "address": "",
    "age": 29,
    "gender": "male",
    "caste_category": "",
    "religion": "",
    "occupation": "",
    "education": "",
    "family_size": null,
    "voter_category": "undecided",
    "sentiment": "negative",
    "sentiment_score": "-0.30",
    "sentiment_last_updated": null,
    "influencer_score": 20,
    "first_time_voter": false,
    "verified": false,
    "verified_by": null,
    "verified_at": null,
    "consent_given": false,
    "contacted_by_party": false,
    "last_contact_date": null,
    "contact_method": "",
    "notes": "",
    "tags": [],
    "metadata": {},
    "created_at": "2025-11-13T06:15:33.249Z",
    "updated_at": "2025-11-13T06:15:33.249Z"
  }
},
{
  "model": "api.voter",
  "pk": 73,
  "fields": {
    "polling_booth": 12,
    "organization": 1,
    "full_name": "Voter 3 B002",
    "voter_id_number": "KA-01-B002-V0003",
    "epic_number": "",
    "phone": "+91 9876500003",
    "address": "",
    "age": 31,
    "gender": "female",
    "caste_category": "",
    "religion": "",
    "occupation": "",
    "education": "",
    "family_size": null,
    "voter_category": "core_supporter",
    "sentiment": "strongly_positive",
    "sentiment_score": "-0.20",
    "sentiment_last_updated": null,
    "influencer_score": 30,
    "first_time_voter": false,
    "verified": true,
    "verified_by": null,
    "verified_at": null,
    "consent_given": false,
    "contacted_by_party": false,
    "last_contact_date": null,
    "contact_method": "",
    "notes": "",
    "tags": [],
    "metadata": {},
    "created_at": "2025-11-13T06:15:33.251Z",
    "updated_at": "2025-11-13T06:15:33.251Z"
  }
},
{
  "model": "api.voter",
  "pk": 74,
  "fields": {
    "polling_booth": 12,
    "organization": 1,
    "full_name": "Voter 4 B002",
    "voter_id_number": "KA-01-B002-V0004",
    "epic_number": "",
    "phone": "+91 9876500004",
    "address": "",
    "age": 33,
    "gender": "male",
    "caste_category": "",
    "religion": "",
    "occupation": "",
    "education": "",
    "family_size": null,
    "voter_category": "swing_voter",
    "sentiment": "positive",
    "sentiment_score": "-0.10",
    "sentiment_last_updated": null,
    "influencer_score": 40,
    "first_time_voter": false,
    "verified": false,
    "verified_by": null,
    "verified_at": null,
    "consent_given": false,
    "contacted_by_party": false,
    "last_contact_date": null,
    "contact_method": "",
    "notes": "",
    "tags": [],
    "metadata": {},
    "created_at": "2025-11-13T06:15:33.253Z",
    "updated_at": "2025-11-13T06:15:33.253Z"
  }
},
{
  "model": "api.voter",
  "pk": 75,
  "fields": {
    "polling_booth": 12,
    "organization": 1,
    "full_name": "Voter 5 B002",
    "voter_id_number": "KA-01-B002-V0005",
    "epic_number": "",
    "phone": "+91 9876500005",
    "address": "",
    "age": 35,
    "gender": "female",
    "caste_category": "",
    "religion": "",
    "occupation": "",
    "education": "",
    "family_size": null,
    "voter_category": "undecided",
    "sentiment": "neutral",
    "sentiment_score": "0.00",
    "sentiment_last_updated": null,
    "influencer_score": 50,
    "first_time_voter": true,
    "verified": false,
    "verified_by": null,
    "verified_at": null,
    "consent_given": false,
    "contacted_by_party": false,
    "last_contact_date": null,
    "contact_method": "",
    "notes": "",
    "tags": [],
    "metadata": {},
    "created_at": "2025-11-13T06:15:33.256Z",
    "updated_at": "2025-11-13T06:15:33.257Z"
  }
},
{
  "model": "api.voter",
  "pk": 76,
  "fields": {
    "polling_booth": 12,
    "organization": 1,
    "full_name": "Voter 6 B002",
    "voter_id_number": "KA-01-B002-V0006",
    "epic_number": "",
    "phone": "+91 9876500006",
    "address": "",
    "age": 37,
    "gender": "male",
    "caste_category": "",
    "religion": "",
    "occupation": "",
    "education": "",
    "family_size": null,
    "voter_category": "core_supporter",
    "sentiment": "negative",
    "sentiment_score": "0.10",
    "sentiment_last_updated": null,
    "influencer_score": 60,
    "first_time_voter": false,
    "verified": true,
    "verified_by": null,
    "verified_at": null,
    "consent_given": false,
    "contacted_by_party": false,
    "last_contact_date": null,
    "contact_method": "",
    "notes": "",
    "tags": [],
    "metadata": {},
    "created_at": "2025-11-13T06:15:33.259Z",
    "updated_at": "2025-11-13T06:15:33.259Z"
  }
},
{
  "model": "api.voter",
  "pk": 77,
  "fields": {
    "polling_booth": 12,
    "organization": 1,
    "full_name": "Voter 7 B002",
    "voter_id_number": "KA-01-B002-V0007",
    "epic_number": "",
    "phone": "+91 9876500007",
    "address": "",
    "age": 39,
    "gender": "female",
    "caste_category": "",
    "religion": "",
    "occupation": "",
    "education": "",
    "family_size": null,
    "voter_category": "swing_voter",
    "sentiment": "strongly_positive",
    "sentiment_score": "0.20",
    "sentiment_last_updated": null,
    "influencer_score": 70,
    "first_time_voter": false,
    "verified": false,
    "verified_by": null,
    "verified_at": null,
    "consent_given": false,
    "contacted_by_party": false,
    "last_contact_date": null,
    "contact_method": "",
    "notes": "",
    "tags": [],
    "metadata": {},
    "created_at": "2025-11-13T06:15:33.261Z",
    "updated_at": "2025-11-13T06:15:33.261Z"
  }
},
{
  "model": "api.voter",
  "pk": 78,
  "fields": {
    "polling_booth": 12,
    "organization": 1,
    "full_name": "Voter 8 B002",
    "voter_id_number": "KA-01-B002-V0008",
    "epic_number": "",
    "phone": "+91 9876500008",
    "address": "",
    "age": 41,
    "gender": "male",
    "caste_category": "",
    "religion": "",
    "occupation": "",
    "education": "",
    "family_size": null,
    "voter_category": "undecided",
    "sentiment": "positive",
    "sentiment_score": "0.30",
    "sentiment_last_updated": null,
    "influencer_score": 80,
    "first_time_voter": false,
    "verified": false,
    "verified_by": null,
    "verified_at": null,
    "consent_given": false,
    "contacted_by_party": false,
    "last_contact_date": null,
    "contact_method": "",
    "notes": "",
    "tags": [],
    "metadata": {},
    "created_at": "2025-11-13T06:15:33.263Z",
    "updated_at": "2025-11-13T06:15:33.263Z"
  }
},
{
  "model": "api.voter",
  "pk": 79,
  "fields": {
    "polling_booth": 12,
    "organization": 1,
    "full_name": "Voter 9 B002",
    "voter_id_number": "KA-01-B002-V0009",
    "epic_number": "",
    "phone": "+91 9876500009",
    "address": "",
    "age": 43,
    "gender": "female",
    "caste_category": "",
    "religion": "",
    "occupation": "",
    "education": "",
    "family_size": null,
    "voter_category": "core_supporter",
    "sentiment": "neutral",
    "sentiment_score": "0.40",
    "sentiment_last_updated": null,
    "influencer_score": 90,
    "first_time_voter": false,
    "verified": true,
    "verified_by": null,
    "verified_at": null,
    "consent_given": false,
    "contacted_by_party": false,
    "last_contact_date": null,
    "contact_method": "",
    "notes": "",
    "tags": [],
    "metadata": {},
    "created_at": "2025-11-13T06:15:33.265Z",
    "updated_at": "2025-11-13T06:15:33.265Z"
  }
},
{
  "model": "api.voter",
  "pk": 80,
  "fields": {
    "polling_booth": 12,
    "organization": 1,
    "full_name": "Voter 10 B002",
    "voter_id_number": "KA-01-B002-V0010",
    "epic_number": "",
    "phone": "+91 9876500010",
    "address": "",
    "age": 45,
    "gender": "male",
    "caste_category": "",
    "religion": "",
    "occupation": "",
    "education": "",
    "family_size": null,
    "voter_category": "swing_voter",
    "sentiment": "negative",
    "sentiment_score": "-0.50",
    "sentiment_last_updated": null,
    "influencer_score": 100,
    "first_time_voter": true,
    "verified": false,
    "verified_by": null,
    "verified_at": null,
    "consent_given": false,
    "contacted_by_party": false,
    "last_contact_date": null,
    "contact_method": "",
    "notes": "",
    "tags": [],
    "metadata": {},
    "created_at": "2025-11-13T06:15:33.267Z",
    "updated_at": "2025-11-13T06:15:33.267Z"
  }
},
{
  "model": "api.voter",
  "pk": 81,
  "fields": {
    "polling_booth": 13,
    "organization": 1,
    "full_name": "Voter 1 B003",
    "voter_id_number": "KA-01-B003-V0001",
    "epic_number": "",
    "phone": "+91 9876500001",
    "address": "",
    "age": 27,
    "gender": "female",
    "caste_category": "",
    "religion": "",
    "occupation": "",
    "education": "",
    "family_size": null,
    "voter_category": "swing_voter",
    "sentiment": "neutral",
    "sentiment_score": "-0.40",
    "sentiment_last_updated": null,
    "influencer_score": 10,
    "first_time_voter": false,
    "verified": false,
    "verified_by": null,
    "verified_at": null,
    "consent_given": false,
    "contacted_by_party": false,
    "last_contact_date": null,
    "contact_method": "",
    "notes": "",
    "tags": [],
    "metadata": {},
    "created_at": "2025-11-13T06:15:33.269Z",
    "updated_at": "2025-11-13T06:15:33.269Z"
  }
},
{
  "model": "api.voter",
  "pk": 82,
  "fields": {
    "polling_booth": 13,
    "organization": 1,
    "full_name": "Voter 2 B003",
    "voter_id_number": "KA-01-B003-V0002",
    "epic_number": "",
    "phone": "+91 9876500002",
    "address": "",
    "age": 29,
    "gender": "male",
    "caste_category": "",
    "religion": "",
    "occupation": "",
    "education": "",
    "family_size": null,
    "voter_category": "undecided",
    "sentiment": "negative",
    "sentiment_score": "-0.30",
    "sentiment_last_updated": null,
    "influencer_score": 20,
    "first_time_voter": false,
    "verified": false,
    "verified_by": null,
    "verified_at": null,
    "consent_given": false,
    "contacted_by_party": false,
    "last_contact_date": null,
    "contact_method": "",
    "notes": "",
    "tags": [],
    "metadata": {},
    "created_at": "2025-11-13T06:15:33.271Z",
    "updated_at": "2025-11-13T06:15:33.271Z"
  }
},
{
  "model": "api.voter",
  "pk": 83,
  "fields": {
    "polling_booth": 13,
    "organization": 1,
    "full_name": "Voter 3 B003",
    "voter_id_number": "KA-01-B003-V0003",
    "epic_number": "",
    "phone": "+91 9876500003",
    "address": "",
    "age": 31,
    "gender": "female",
    "caste_category": "",
    "religion": "",
    "occupation": "",
    "education": "",
    "family_size": null,
    "voter_category": "core_supporter",
    "sentiment": "strongly_positive",
    "sentiment_score": "-0.20",
    "sentiment_last_updated": null,
    "influencer_score": 30,
    "first_time_voter": false,
    "verified": true,
    "verified_by": null,
    "verified_at": null,
    "consent_given": false,
    "contacted_by_party": false,
    "last_contact_date": null,
    "contact_method": "",
    "notes": "",
    "tags": [],
    "metadata": {},
    "created_at": "2025-11-13T06:15:33.273Z",
    "updated_at": "2025-11-13T06:15:33.273Z"
  }
},
{
  "model": "api.voter",
  "pk": 84,
  "fields": {
    "polling_booth": 13,
    "organization": 1,
    "full_name": "Voter 4 B003",
    "voter_id_number": "KA-01-B003-V0004",
    "epic_number": "",
    "phone": "+91 9876500004",
    "address": "",
    "age": 33,
    "gender": "male",
    "caste_category": "",
    "religion": "",
    "occupation": "",
    "education": "",
    "family_size": null,
    "voter_category": "swing_voter",
    "sentiment": "positive",
    "sentiment_score": "-0.10",
    "sentiment_last_updated": null,
    "influencer_score": 40,
    "first_time_voter": false,
    "verified": false,
    "verified_by": null,
    "verified_at": null,
    "consent_given": false,
    "contacted_by_party": false,
    "last_contact_date": null,
    "contact_method": "",
    "notes": "",
    "tags": [],
    "metadata": {},
    "created_at": "2025-11-13T06:15:33.275Z",
    "updated_at": "2025-11-13T06:15:33.275Z"
  }
},
{
  "model": "api.voter",
  "pk": 85,
  "fields": {
    "polling_booth": 13,
    "organization": 1,
    "full_name": "Voter 5 B003",
    "voter_id_number": "KA-01-B003-V0005",
    "epic_number": "",
    "phone": "+91 9876500005",
    "address": "",
    "age": 35,
    "gender": "female",
    "caste_category": "",
    "religion": "",
    "occupation": "",
    "education": "",
    "family_size": null,
    "voter_category": "undecided",
    "sentiment": "neutral",
    "sentiment_score": "0.00",
    "sentiment_last_updated": null,
    "influencer_score": 50,
    "first_time_voter": true,
    "verified": false,
    "verified_by": null,
    "verified_at": null,
    "consent_given": false,
    "contacted_by_party": false,
    "last_contact_date": null,
    "contact_method": "",
    "notes": "",
    "tags": [],
    "metadata": {},
    "created_at": "2025-11-13T06:15:33.277Z",
    "updated_at": "2025-11-13T06:15:33.277Z"
  }
},
{
  "model": "api.voter",
  "pk": 86,
  "fields": {
    "polling_booth": 13,
    "organization": 1,
    "full_name": "Voter 6 B003",
    "voter_id_number": "KA-01-B003-V0006",
    "epic_number": "",
    "phone": "+91 9876500006",
    "address": "",
    "age": 37,
    "gender": "male",
    "caste_category": "",
    "religion": "",
    "occupation": "",
    "education": "",
    "family_size": null,
    "voter_category": "core_supporter",
    "sentiment": "negative",
    "sentiment_score": "0.10",
    "sentiment_last_updated": null,
    "influencer_score": 60,
    "first_time_voter": false,
    "verified": true,
    "verified_by": null,
    "verified_at": null,
    "consent_given": false,
    "contacted_by_party": false,
    "last_contact_date": null,
    "contact_method": "",
    "notes": "",
    "tags": [],
    "metadata": {},
    "created_at": "2025-11-13T06:15:33.279Z",
    "updated_at": "2025-11-13T06:15:33.279Z"
  }
},
{
  "model": "api.voter",
  "pk": 87,
  "fields": {
    "polling_booth": 13,
    "organization": 1,
    "full_name": "Voter 7 B003",
    "voter_id_number": "KA-01-B003-V0007",
    "epic_number": "",
    "phone": "+91 9876500007",
    "address": "",
    "age": 39,
    "gender": "female",
    "caste_category": "",
    "religion": "",
    "occupation": "",
    "education": "",
    "family_size": null,
    "voter_category": "swing_voter",
    "sentiment": "strongly_positive",
    "sentiment_score": "0.20",
    "sentiment_last_updated": null,
    "influencer_score": 70,
    "first_time_voter": false,
    "verified": false,
    "verified_by": null,
    "verified_at": null,
    "consent_given": false,
    "contacted_by_party": false,
    "last_contact_date": null,
    "contact_method": "",
    "notes": "",
    "tags": [],
    "metadata": {},
    "created_at": "2025-11-13T06:15:33.282Z",
    "updated_at": "2025-11-13T06:15:33.282Z"
  }
},
{
  "model": "api.voter",
  "pk": 88,
  "fields": {
    "polling_booth": 13,
    "organization": 1,
    "full_name": "Voter 8 B003",
    "voter_id_number": "KA-01-B003-V0008",
    "epic_number": "",
    "phone": "+91 9876500008",
    "address": "",
    "age": 41,
    "gender": "male",
    "caste_category": "",
    "religion": "",
    "occupation": "",
    "education": "",
    "family_size": null,
    "voter_category": "undecided",
    "sentiment": "positive",
    "sentiment_score": "0.30",
    "sentiment_last_updated": null,
    "influencer_score": 80,
    "first_time_voter": false,
    "verified": false,
    "verified_by": null,
    "verified_at": null,
    "consent_given": false,
    "contacted_by_party": false,
    "last_contact_date": null,
    "contact_method": "",
    "notes": "",
    "tags": [],
    "metadata": {},
    "created_at": "2025-11-13T06:15:33.284Z",
    "updated_at": "2025-11-13T06:15:33.284Z"
  }
},
{
  "model": "api.voter",
  "pk": 89,
  "fields": {
    "polling_booth": 13,
    "organization": 1,
    "full_name": "Voter 9 B003",
    "voter_id_number": "KA-01-B003-V0009",
    "epic_number": "",
    "phone": "+91 9876500009",
    "address": "",
    "age": 43,
    "gender": "female",
    "caste_category": "",
    "religion": "",
    "occupation": "",
    "education": "",
    "family_size": null,
    "voter_category": "core_supporter",
    "sentiment": "neutral",
    "sentiment_score": "0.40",
    "sentiment_last_updated": null,
    "influencer_score": 90,
    "first_time_voter": false,
    "verified": true,
    "verified_by": null,
    "verified_at": null,
    "consent_given": false,
    "contacted_by_party": false,
    "last_contact_date": null,
    "contact_method": "",
    "notes": "",
    "tags": [],
    "metadata": {},
    "created_at": "2025-11-13T06:15:33.286Z",
    "updated_at": "2025-11-13T06:15:33.286Z"
  }
},
{
  "model": "api.voter",
  "pk": 90,
  "fields": {
    "polling_booth": 13,
    "organization": 1,
    "full_name": "Voter 10 B003",
    "voter_id_number": "KA-01-B003-V0010",
    "epic_number": "",
    "phone": "+91 9876500010",
    "address": "",
    "age": 45,
    "gender": "male",
    "caste_category": "",
    "religion": "",
    "occupation": "",
    "education": "",
    "family_size": null,
    "voter_category": "swing_voter",
    "sentiment": "negative",
    "sentiment_score": "-0.50",
    "sentiment_last_updated": null,
    "influencer_score": 100,
    "first_time_voter": true,
    "verified": false,
    "verified_by": null,
    "verified_at": null,
    "consent_given": false,
    "contacted_by_party": false,
    "last_contact_date": null,
    "contact_method": "",
    "notes": "",
    "tags": [],
    "metadata": {},
    "created_at": "2025-11-13T06:15:33.288Z",
    "updated_at": "2025-11-13T06:15:33.288Z"
  }
},
{
  "model": "api.campaign",
  "pk": 1,
  "fields": {
    "organization": 1,
    "constituency": 1,
    "name": "Campaign Mumbai North 2025",
    "description": "Electoral campaign for Mumbai North",
    "status": "active",
    "start_date": "2025-10-14",
    "end_date": "2026-01-12",
    "manager": [
      "admin"
    ],
    "target_voters": 50000,
    "reached_voters": 15000,
    "budget": "1000000.00",
    "spent": "250000.00",
    "metadata": {},
    "created_at": "2025-11-13T06:15:33.291Z",
    "updated_at": "2025-11-13T06:15:33.291Z"
  }
},
{
  "model": "api.campaign",
  "pk": 2,
  "fields": {
    "organization": 1,
    "constituency": 2,
    "name": "Campaign Delhi Central 2025",
    "description": "Electoral campaign for Delhi Central",
    "status": "active",
    "start_date": "2025-10-14",
    "end_date": "2026-01-12",
    "manager": [
      "admin"
    ],
    "target_voters": 50000,
    "reached_voters": 15000,
    "budget": "1000000.00",
    "spent": "250000.00",
    "metadata": {},
    "created_at": "2025-11-13T06:15:33.294Z",
    "updated_at": "2025-11-13T06:15:33.294Z"
  }
}
]
